Outlet_ID,Maximum_Monthly_Liters,pred_tobit,pred_xgb,pred_lgb,hist_mean_monthly,censoring_indicator,Province,Distributor_ID,incremental_potential
OUT_00001,544.51,385.72,614.76,685.98,597.055,0,Western,DIST_W_01,0.0
OUT_00002,343.0,181.9,451.41,449.41,451.41125000000005,0,Western,DIST_W_02,0.0
OUT_00003,426.0,262.69,537.88,531.86,434.4647916666667,0,Western,DIST_W_03,0.0
OUT_00004,138.43,0.0,230.99,230.45,229.85333333333327,0,Central,DIST_C_01,0.0
OUT_00005,102.16,0.0,170.8,169.73,154.30145833333333,0,Central,DIST_C_02,0.0
OUT_00006,92.9,0.0,155.44,154.23,135.168125,0,Central,DIST_C_03,0.0
OUT_00007,400.75,233.54,512.52,511.94,453.2089583333333,0,North-Western,DIST_NW_01,0.0
OUT_00008,54.27,0.0,90.77,90.14,63.80458333333333,0,North-Western,DIST_NW_02,0.0
OUT_00009,87.77,0.0,145.39,147.19,129.50416666666666,0,Southern,DIST_S_01,0.0
OUT_00010,132.54,0.0,221.08,220.71,197.316875,0,Southern,DIST_S_02,0.0
OUT_00011,640.72,448.13,773.12,765.12,773.1616666666667,0,Western,DIST_W_01,0.0
OUT_00012,64.74,0.0,108.1,107.69,108.07625,0,Western,DIST_W_02,0.0
OUT_00013,127.05,0.0,210.89,212.63,191.476875,0,Western,DIST_W_03,0.0
OUT_00014,161.36,0.0,270.69,267.17,195.06875,0,Central,DIST_C_01,0.0
OUT_00015,213.16,53.32,318.06,321.37,276.4008333333333,0,Central,DIST_C_02,0.0
OUT_00016,32.01,0.0,49.09,57.61,46.89041666666666,0,Central,DIST_C_03,0.0
OUT_00017,98.24,0.0,163.07,164.4,163.03375,0,,,0.0
OUT_00018,35.4,0.0,57.97,60.02,49.81333333333333,0,North-Western,DIST_NW_02,0.0
OUT_00019,299.94,128.63,414.1,414.2,295.47625,0,Southern,DIST_S_01,4.4637500000000045
OUT_00020,125.07,0.0,208.54,208.37,201.19833333333332,0,Southern,DIST_S_02,0.0
OUT_00021,76.41,0.0,126.46,128.23,109.055625,0,Western,DIST_W_01,0.0
OUT_00022,84.28,0.0,139.79,141.15,139.46666666666667,0,,,0.0
OUT_00023,141.3,0.0,235.89,235.13,203.90354166666668,0,Western,DIST_W_03,0.0
OUT_00024,51.35,0.0,83.85,87.33,67.49770833333334,0,Central,DIST_C_01,0.0
OUT_00025,157.22,0.0,261.89,262.19,244.6808333333333,0,Central,DIST_C_02,0.0
OUT_00026,110.49,0.0,184.39,183.9,184.43375,0,Central,DIST_C_03,0.0
OUT_00027,84.12,0.0,138.47,141.93,133.97479166666668,0,North-Western,DIST_NW_01,0.0
OUT_00028,108.3,0.0,178.74,182.26,171.06645833333334,0,North-Western,DIST_NW_02,0.0
OUT_00029,41.29,0.0,68.91,68.74,61.44708333333333,0,Southern,DIST_S_01,0.0
OUT_00030,248.96,88.81,356.46,354.99,324.44666666666666,0,Southern,DIST_S_02,0.0
OUT_00031,571.28,418.1,659.02,687.77,659.0039583333333,0,Western,DIST_W_01,0.0
OUT_00032,596.83,417.05,709.25,724.1,580.9562500000001,0,Western,DIST_W_02,15.873749999999973
OUT_00033,279.03,124.78,383.2,380.5,366.9333333333333,0,Western,DIST_W_03,0.0
OUT_00034,69.19,0.0,114.7,115.93,94.93020833333333,0,Central,DIST_C_01,0.0
OUT_00035,105.09,0.0,175.94,174.37,176.21270833333335,0,Central,DIST_C_02,0.0
OUT_00036,110.23,0.0,183.6,183.83,183.529375,0,Central,DIST_C_03,0.0
OUT_00037,72.65,0.0,121.55,120.62,93.67145833333336,0,North-Western,DIST_NW_01,0.0
OUT_00038,400.52,225.74,514.73,519.33,514.8508333333333,0,North-Western,DIST_NW_02,0.0
OUT_00039,121.74,0.0,202.68,203.12,192.7983333333333,0,Southern,DIST_S_01,0.0
OUT_00040,104.43,0.0,173.48,174.63,151.31291666666667,0,Southern,DIST_S_02,0.0
OUT_00041,359.88,211.71,459.37,457.96,436.23145833333336,0,Western,DIST_W_01,0.0
OUT_00042,103.15,0.0,172.45,171.37,147.74333333333334,0,Western,DIST_W_02,0.0
OUT_00043,139.7,0.0,234.86,230.81,176.36687500000002,0,Western,DIST_W_03,0.0
OUT_00044,151.04,0.0,251.51,251.96,210.84270833333332,0,Central,DIST_C_01,0.0
OUT_00045,42.72,0.0,70.29,72.13,57.555416666666666,0,Central,DIST_C_02,0.0
OUT_00046,102.09,0.0,171.05,169.24,111.08458333333334,0,Central,DIST_C_03,0.0
OUT_00047,303.18,137.86,412.5,414.29,349.32145833333334,0,North-Western,DIST_NW_01,0.0
OUT_00048,100.33,0.0,168.61,165.82,137.71958333333333,0,North-Western,DIST_NW_02,0.0
OUT_00049,96.88,0.0,159.85,163.09,159.80583333333334,0,Southern,DIST_S_01,0.0
OUT_00050,65.97,0.0,109.28,110.6,96.92541666666666,0,Southern,DIST_S_02,0.0
OUT_00051,92.74,0.0,155.28,153.85,154.24416666666667,0,Western,DIST_W_01,0.0
OUT_00052,124.79,0.0,207.27,208.68,155.014375,0,Western,DIST_W_02,0.0
OUT_00053,121.65,0.0,201.69,203.81,201.74375,0,Western,DIST_W_03,0.0
OUT_00054,81.9,0.0,136.86,136.14,109.50229166666666,0,Central,DIST_C_01,0.0
OUT_00055,75.11,0.0,126.34,124.03,109.65916666666668,0,Central,DIST_C_02,0.0
OUT_00056,143.45,0.0,242.65,235.53,242.6664583333333,0,,,0.0
OUT_00057,145.95,0.0,244.58,241.91,199.66729166666667,0,North-Western,DIST_NW_01,0.0
OUT_00058,128.75,0.0,215.1,214.06,215.48770833333333,0,North-Western,DIST_NW_02,0.0
OUT_00059,176.42,13.94,285.44,284.04,222.14625,0,Southern,DIST_S_01,0.0
OUT_00060,54.52,0.0,93.51,88.24,93.96791666666668,0,,,0.0
OUT_00061,115.75,0.0,192.42,193.42,191.920625,0,Western,DIST_W_01,0.0
OUT_00062,273.82,110.01,381.95,384.1,334.7758333333333,0,Western,DIST_W_02,0.0
OUT_00063,716.24,561.41,830.77,808.14,830.8420833333333,0,Western,DIST_W_03,0.0
OUT_00064,618.21,445.54,732.67,733.97,604.335625,0,Central,DIST_C_01,13.874374999999986
OUT_00065,92.35,0.0,154.28,153.57,128.65520833333332,0,Central,DIST_C_02,0.0
OUT_00066,172.03,9.45,281.47,279.37,235.9714583333333,0,Central,DIST_C_03,0.0
OUT_00067,80.63,0.0,134.76,134.01,97.78916666666667,0,North-Western,DIST_NW_01,0.0
OUT_00068,147.58,0.0,246.35,245.58,218.99375,0,North-Western,DIST_NW_02,0.0
OUT_00069,543.38,376.88,643.74,665.04,610.7758333333334,0,Southern,DIST_S_01,0.0
OUT_00070,71.23,0.0,118.04,119.4,101.41833333333334,0,Southern,DIST_S_02,0.0
OUT_00071,131.2,0.0,218.48,218.87,218.49625,0,Western,DIST_W_01,0.0
OUT_00072,122.01,0.0,203.01,203.7,116.34979166666666,0,Western,DIST_W_02,5.660208333333344
OUT_00073,230.94,72.96,336.88,335.64,319.87625,0,Western,DIST_W_03,0.0
OUT_00074,53.58,0.0,89.97,88.65,85.29645833333333,0,Central,DIST_C_01,0.0
OUT_00075,395.09,222.71,511.31,508.7,390.0858333333333,0,Central,DIST_C_02,5.004166666666663
OUT_00076,69.11,0.0,115.55,114.81,102.08270833333334,0,Central,DIST_C_03,0.0
OUT_00077,208.22,41.98,320.06,318.04,320.09875,0,North-Western,DIST_NW_01,0.0
OUT_00078,190.22,28.16,298.67,297.84,264.3341666666667,0,North-Western,DIST_NW_02,0.0
OUT_00079,106.94,0.0,178.46,178.0,178.69875000000002,0,,,0.0
OUT_00080,122.78,0.0,205.53,203.72,146.99791666666667,0,Southern,DIST_S_02,0.0
OUT_00081,704.95,518.87,842.45,815.58,842.5058333333333,0,Western,DIST_W_01,0.0
OUT_00082,458.79,287.94,573.11,572.28,452.4060416666667,0,Western,DIST_W_02,6.383958333333339
OUT_00083,213.86,51.55,320.57,323.57,289.41395833333337,0,Western,DIST_W_03,0.0
OUT_00084,133.58,0.0,223.02,222.23,204.40145833333332,0,Central,DIST_C_01,0.0
OUT_00085,141.72,0.0,236.38,236.01,197.00125,0,Central,DIST_C_02,0.0
OUT_00086,160.6,0.0,267.47,267.86,267.6154166666667,0,Central,DIST_C_03,0.0
OUT_00087,91.76,0.0,154.51,151.35,130.954375,0,North-Western,DIST_NW_01,0.0
OUT_00088,74.51,0.0,124.48,123.9,96.69020833333332,0,North-Western,DIST_NW_02,0.0
OUT_00089,194.9,30.6,304.26,304.61,251.6916666666667,0,Southern,DIST_S_01,0.0
OUT_00090,92.21,0.0,153.74,153.64,122.21958333333332,0,Southern,DIST_S_02,0.0
OUT_00091,192.78,21.09,310.34,304.12,310.4472916666667,0,Western,DIST_W_01,0.0
OUT_00092,226.7,65.55,333.07,335.2,298.6675,0,Western,DIST_W_02,0.0
OUT_00093,350.96,191.01,457.39,457.8,403.53791666666666,0,Western,DIST_W_03,0.0
OUT_00094,96.63,0.0,160.24,161.85,130.65333333333334,0,Central,DIST_C_01,0.0
OUT_00095,215.24,45.27,329.66,327.45,329.77416666666664,0,Central,DIST_C_02,0.0
OUT_00096,679.23,500.77,791.81,804.58,791.8079166666666,0,Central,DIST_C_03,0.0
OUT_00097,96.75,0.0,159.89,162.62,133.54083333333332,0,North-Western,DIST_NW_01,0.0
OUT_00098,171.57,9.9,279.48,279.21,257.77375,0,North-Western,DIST_NW_02,0.0
OUT_00099,680.37,523.3,786.57,783.6,725.5597916666667,0,Southern,DIST_S_01,0.0
OUT_00100,153.78,0.0,254.55,258.04,250.61125,0,Southern,DIST_S_02,0.0
OUT_00101,117.55,0.0,197.33,194.5,197.3889583333333,0,Western,DIST_W_01,0.0
OUT_00102,150.89,0.0,251.83,251.15,203.17,0,Western,DIST_W_02,0.0
OUT_00103,73.61,0.0,123.21,122.15,97.79291666666668,0,Western,DIST_W_03,0.0
OUT_00104,237.94,78.42,344.72,343.87,322.59520833333335,0,Central,DIST_C_01,0.0
OUT_00105,284.24,127.64,388.37,388.92,381.6335416666666,0,Central,DIST_C_02,0.0
OUT_00106,351.77,188.88,460.17,460.57,390.7677083333333,0,Central,DIST_C_03,0.0
OUT_00107,199.41,37.14,308.02,307.16,275.7020833333333,0,North-Western,DIST_NW_01,0.0
OUT_00108,163.17,0.0,270.27,273.64,234.375,0,North-Western,DIST_NW_02,0.0
OUT_00109,68.24,0.0,113.49,113.98,108.67916666666667,0,Southern,DIST_S_01,0.0
OUT_00110,61.92,0.0,104.31,102.08,96.45125,0,Southern,DIST_S_02,0.0
OUT_00111,415.54,266.11,510.47,519.86,486.0783333333334,0,Western,DIST_W_01,0.0
OUT_00112,264.02,95.22,378.32,374.78,283.9475,0,Western,DIST_W_02,0.0
OUT_00113,159.78,0.0,267.22,265.39,267.33520833333336,0,Western,DIST_W_03,0.0
OUT_00114,132.35,0.0,221.09,220.09,195.81645833333332,0,Central,DIST_C_01,0.0
OUT_00115,257.27,99.36,362.51,362.58,351.8670833333333,0,Central,DIST_C_02,0.0
OUT_00116,251.56,86.4,363.06,360.28,363.4683333333333,0,Central,DIST_C_03,0.0
OUT_00117,221.59,60.83,329.98,327.56,308.686875,0,North-Western,DIST_NW_01,0.0
OUT_00118,110.12,0.0,183.5,183.55,160.26791666666668,0,North-Western,DIST_NW_02,0.0
OUT_00119,37.91,0.0,61.17,65.21,45.48916666666667,0,Southern,DIST_S_01,0.0
OUT_00120,149.35,0.0,249.55,248.27,193.96854166666665,0,Southern,DIST_S_02,0.0
OUT_00121,150.46,0.0,250.65,250.89,250.65645833333332,0,Western,DIST_W_01,0.0
OUT_00122,227.36,61.53,337.5,338.31,282.85125,0,Western,DIST_W_02,0.0
OUT_00123,127.48,0.0,211.76,213.18,197.4333333333333,0,Western,DIST_W_03,0.0
OUT_00124,108.31,0.0,180.98,180.06,112.54541666666668,0,Central,DIST_C_01,0.0
OUT_00125,267.94,102.93,380.4,375.51,289.42520833333333,0,Central,DIST_C_02,0.0
OUT_00126,249.16,89.3,354.01,357.45,334.7320833333333,0,Central,DIST_C_03,0.0
OUT_00127,152.8,0.0,255.41,253.93,216.448125,0,North-Western,DIST_NW_01,0.0
OUT_00128,72.28,0.0,120.38,120.54,80.09229166666667,0,North-Western,DIST_NW_02,0.0
OUT_00129,81.44,0.0,134.98,136.51,76.42041666666667,0,Southern,DIST_S_01,5.01958333333333
OUT_00130,175.53,12.42,284.31,284.24,234.4858333333333,0,Southern,DIST_S_02,0.0
OUT_00131,141.21,0.0,234.81,235.9,234.98875,0,Western,DIST_W_01,0.0
OUT_00132,238.79,75.34,348.8,346.71,286.5677083333333,0,Western,DIST_W_02,0.0
OUT_00133,484.13,360.27,544.46,588.95,475.4239583333333,0,,,8.706041666666692
OUT_00134,163.7,0.0,272.35,273.3,272.37375,0,Central,DIST_C_01,0.0
OUT_00135,87.21,0.0,146.96,143.75,124.63625,0,Central,DIST_C_02,0.0
OUT_00136,719.97,566.94,844.19,799.8,844.25,0,Central,DIST_C_03,0.0
OUT_00137,71.23,0.0,118.79,118.64,77.81166666666667,0,North-Western,DIST_NW_01,0.0
OUT_00138,102.61,0.0,171.75,170.28,157.34270833333332,0,North-Western,DIST_NW_02,0.0
OUT_00139,260.01,96.12,369.02,369.51,318.6014583333333,0,Southern,DIST_S_01,0.0
OUT_00140,161.03,0.0,267.37,269.38,222.6795833333333,0,Southern,DIST_S_02,0.0
OUT_00141,327.8,177.7,428.1,427.65,391.80875,0,Western,DIST_W_01,0.0
OUT_00142,142.53,0.0,236.82,238.27,202.53041666666664,0,Western,DIST_W_02,0.0
OUT_00143,148.77,0.0,246.04,249.84,244.5325,0,Western,DIST_W_03,0.0
OUT_00144,86.36,0.0,143.51,144.36,113.14854166666667,0,Central,DIST_C_01,0.0
OUT_00145,351.62,190.7,457.18,460.63,405.9720833333333,0,Central,DIST_C_02,0.0
OUT_00146,154.48,0.0,258.19,256.75,258.1358333333333,0,Central,DIST_C_03,0.0
OUT_00147,146.83,0.0,241.15,248.28,241.02145833333336,0,,,0.0
OUT_00148,150.33,0.0,250.99,250.11,251.30375,0,North-Western,DIST_NW_02,0.0
OUT_00149,151.24,0.0,253.19,250.93,209.47854166666664,0,Southern,DIST_S_01,0.0
OUT_00150,283.69,121.01,390.09,394.2,359.9922916666667,0,Southern,DIST_S_02,0.0
OUT_00151,89.75,0.0,149.04,150.12,134.07333333333335,0,Western,DIST_W_01,0.0
OUT_00152,111.24,0.0,185.85,184.95,144.86166666666665,0,Western,DIST_W_02,0.0
OUT_00153,83.13,0.0,138.66,138.45,130.47395833333334,0,Western,DIST_W_03,0.0
OUT_00154,287.07,130.03,391.84,391.69,367.7033333333333,0,Central,DIST_C_01,0.0
OUT_00155,156.35,0.0,260.92,260.25,222.8539583333333,0,Central,DIST_C_02,0.0
OUT_00156,304.12,149.08,407.3,407.67,401.83625,0,Central,DIST_C_03,0.0
OUT_00157,96.16,0.0,162.21,158.33,116.63833333333334,0,North-Western,DIST_NW_01,0.0
OUT_00158,334.31,169.05,442.87,446.08,370.5264583333333,0,North-Western,DIST_NW_02,0.0
OUT_00159,75.04,0.0,126.12,124.01,102.31979166666667,0,Southern,DIST_S_01,0.0
OUT_00160,90.53,0.0,151.59,150.19,127.87916666666666,0,Southern,DIST_S_02,0.0
OUT_00161,92.6,0.0,157.74,150.94,137.63729166666667,0,Western,DIST_W_01,0.0
OUT_00162,244.54,88.62,348.61,348.38,348.52,0,Western,DIST_W_02,0.0
OUT_00163,181.9,21.42,288.97,288.79,289.0620833333333,0,Western,DIST_W_03,0.0
OUT_00164,221.02,56.32,331.71,329.93,331.76229166666667,0,Central,DIST_C_01,0.0
OUT_00165,82.13,0.0,136.26,137.53,114.56729166666668,0,Central,DIST_C_02,0.0
OUT_00166,35.56,0.0,57.26,61.26,46.20208333333333,0,Central,DIST_C_03,0.0
OUT_00167,192.35,26.94,303.65,301.6,236.73416666666665,0,North-Western,DIST_NW_01,0.0
OUT_00168,55.11,0.0,91.98,91.7,69.90333333333334,0,North-Western,DIST_NW_02,0.0
OUT_00169,258.15,91.32,369.26,369.47,297.9889583333333,0,Southern,DIST_S_01,0.0
OUT_00170,253.32,91.54,361.12,361.22,316.81604166666665,0,Southern,DIST_S_02,0.0
OUT_00171,141.3,0.0,234.78,236.23,234.720625,0,Western,DIST_W_01,0.0
OUT_00172,308.04,148.37,414.34,414.64,408.7916666666667,0,Western,DIST_W_02,0.0
OUT_00173,332.58,166.01,444.05,443.21,343.37354166666665,0,Western,DIST_W_03,0.0
OUT_00174,151.33,0.0,252.54,251.9,201.188125,0,Central,DIST_C_01,0.0
OUT_00175,120.55,0.0,200.57,201.26,184.366875,0,Central,DIST_C_02,0.0
OUT_00176,116.29,0.0,195.25,192.38,181.18500000000003,0,Central,DIST_C_03,0.0
OUT_00177,97.86,0.0,163.41,162.78,130.32958333333332,0,North-Western,DIST_NW_01,0.0
OUT_00178,204.17,45.54,309.16,310.7,305.52625,0,North-Western,DIST_NW_02,0.0
OUT_00179,327.81,166.68,436.47,434.01,436.370625,0,Southern,DIST_S_01,0.0
OUT_00180,290.12,122.72,402.33,401.1,319.3525,0,Southern,DIST_S_02,0.0
OUT_00181,703.97,564.19,794.0,800.32,793.773125,0,Western,DIST_W_01,0.0
OUT_00182,403.69,243.07,514.56,506.96,496.4089583333334,0,Western,DIST_W_02,0.0
OUT_00183,329.4,162.87,441.19,439.66,352.9222916666667,0,Western,DIST_W_03,0.0
OUT_00184,353.21,184.9,467.24,463.6,373.9135416666666,0,Central,DIST_C_01,0.0
OUT_00185,77.23,0.0,127.68,129.74,98.183125,0,Central,DIST_C_02,0.0
OUT_00186,273.64,118.96,375.18,378.32,362.6129166666667,0,Central,DIST_C_03,0.0
OUT_00187,349.46,193.68,452.73,453.91,437.7439583333333,0,North-Western,DIST_NW_01,0.0
OUT_00188,90.84,0.0,150.61,152.2,76.32791666666667,0,North-Western,DIST_NW_02,14.512083333333337
OUT_00189,241.49,75.48,351.57,352.74,316.16625,0,Southern,DIST_S_01,0.0
OUT_00190,144.6,0.0,240.67,241.33,220.56104166666668,0,Southern,DIST_S_02,0.0
OUT_00191,527.82,381.5,625.36,625.35,625.4739583333334,0,Western,DIST_W_01,0.0
OUT_00192,735.86,546.47,892.96,831.3,499.680625,0,Western,DIST_W_02,236.179375
OUT_00193,240.56,81.45,346.12,347.17,323.6977083333333,0,Western,DIST_W_03,0.0
OUT_00194,72.18,0.0,120.6,120.0,73.77729166666667,0,Central,DIST_C_01,0.0
OUT_00195,60.21,0.0,100.13,100.57,87.54062499999999,0,Central,DIST_C_02,0.0
OUT_00196,180.08,22.79,285.95,283.93,262.1970833333333,0,Central,DIST_C_03,0.0
OUT_00197,207.28,44.7,313.54,317.81,278.00708333333336,0,North-Western,DIST_NW_01,0.0
OUT_00198,94.89,0.0,158.72,157.57,106.30708333333332,0,North-Western,DIST_NW_02,0.0
OUT_00199,84.68,0.0,141.02,141.25,115.381875,0,Southern,DIST_S_01,0.0
OUT_00200,155.51,0.0,259.68,258.68,200.73895833333333,0,Southern,DIST_S_02,0.0
OUT_00201,267.5,113.16,370.55,370.24,370.65125,0,,,0.0
OUT_00202,198.04,39.98,302.6,304.22,282.57041666666663,0,Western,DIST_W_02,0.0
OUT_00203,125.88,0.0,210.08,209.51,181.5389583333333,0,Western,DIST_W_03,0.0
OUT_00204,649.68,478.0,760.28,767.99,760.3000000000001,0,Central,DIST_C_01,0.0
OUT_00205,152.09,0.0,252.44,254.51,246.44604166666667,0,Central,DIST_C_02,0.0
OUT_00206,82.05,0.0,136.82,136.66,136.64833333333334,0,Central,DIST_C_03,0.0
OUT_00207,181.86,20.51,290.74,288.12,246.536875,0,North-Western,DIST_NW_01,0.0
OUT_00208,124.29,0.0,208.0,206.3,183.8141666666667,0,North-Western,DIST_NW_02,0.0
OUT_00209,71.37,0.0,118.63,119.26,114.02083333333331,0,Southern,DIST_S_01,0.0
OUT_00210,255.21,93.15,363.25,363.26,319.97729166666664,0,Southern,DIST_S_02,0.0
OUT_00211,366.12,211.29,469.46,469.24,469.4954166666666,0,Western,DIST_W_01,0.0
OUT_00212,141.11,0.0,236.89,233.49,147.23395833333333,0,Western,DIST_W_02,0.0
OUT_00213,304.21,144.26,411.06,410.65,376.35,0,Western,DIST_W_03,0.0
OUT_00214,160.91,1.05,267.45,267.52,246.79645833333333,0,Central,DIST_C_01,0.0
OUT_00215,100.26,0.0,166.64,167.56,161.7672916666667,0,Central,DIST_C_02,0.0
OUT_00216,60.59,0.0,100.66,101.31,97.44541666666667,0,Central,DIST_C_03,0.0
OUT_00217,119.7,0.0,198.81,200.18,162.18270833333332,0,North-Western,DIST_NW_01,0.0
OUT_00218,84.9,0.0,141.32,141.69,106.030625,0,North-Western,DIST_NW_02,0.0
OUT_00219,43.96,0.0,75.57,70.97,50.62875,0,Southern,DIST_S_01,0.0
OUT_00220,124.59,0.0,207.98,207.33,179.13104166666668,0,Southern,DIST_S_02,0.0
OUT_00221,65.28,0.0,108.75,108.86,108.70916666666666,0,Western,DIST_W_01,0.0
OUT_00222,115.86,0.0,194.24,191.94,164.59479166666668,0,Western,DIST_W_02,0.0
OUT_00223,98.75,0.0,165.99,163.17,152.64520833333333,0,Western,DIST_W_03,0.0
OUT_00224,180.53,18.25,289.55,287.9,234.268125,0,Central,DIST_C_01,0.0
OUT_00225,105.18,0.0,176.02,174.57,143.70833333333334,0,Central,DIST_C_02,0.0
OUT_00226,108.27,0.0,180.82,180.07,156.60979166666667,0,Central,DIST_C_03,0.0
OUT_00227,224.75,61.28,333.51,333.95,263.995625,0,North-Western,DIST_NW_01,0.0
OUT_00228,74.19,0.0,123.28,124.03,86.45187499999999,0,North-Western,DIST_NW_02,0.0
OUT_00229,88.35,0.0,146.77,147.74,116.18520833333334,0,Southern,DIST_S_01,0.0
OUT_00230,95.87,0.0,159.13,160.45,135.82541666666663,0,Southern,DIST_S_02,0.0
OUT_00231,160.54,0.0,268.56,266.57,268.6725,0,Western,DIST_W_01,0.0
OUT_00232,109.21,0.0,181.76,182.25,167.17,0,Western,DIST_W_02,0.0
OUT_00233,112.03,0.0,187.89,185.55,188.21416666666667,0,Western,DIST_W_03,0.0
OUT_00234,53.75,0.0,89.0,90.18,76.82270833333332,0,Central,DIST_C_01,0.0
OUT_00235,71.07,0.0,117.58,119.31,76.42770833333334,0,Central,DIST_C_02,0.0
OUT_00236,38.69,0.0,64.98,63.98,41.03145833333333,0,Central,DIST_C_03,0.0
OUT_00237,194.64,32.54,301.88,303.53,274.556875,0,North-Western,DIST_NW_01,0.0
OUT_00238,278.02,111.74,388.59,389.16,314.7802083333333,0,North-Western,DIST_NW_02,0.0
OUT_00239,215.89,53.96,324.47,323.22,301.6539583333333,0,Southern,DIST_S_01,0.0
OUT_00240,154.73,0.0,257.42,258.36,241.7214583333333,0,Southern,DIST_S_02,0.0
OUT_00241,152.61,0.0,252.45,256.26,252.37125,0,Western,DIST_W_01,0.0
OUT_00242,130.88,0.0,218.64,217.63,155.92979166666666,0,Western,DIST_W_02,0.0
OUT_00243,34.84,0.0,55.99,60.16,36.11416666666667,0,Western,DIST_W_03,0.0
OUT_00244,72.65,0.0,121.05,121.12,90.74770833333334,0,Central,DIST_C_01,0.0
OUT_00245,210.86,53.06,315.07,317.04,301.0045833333333,0,Central,DIST_C_02,0.0
OUT_00246,164.16,5.03,269.8,270.69,255.445625,0,Central,DIST_C_03,0.0
OUT_00247,68.63,0.0,113.9,114.87,82.03875000000001,0,North-Western,DIST_NW_01,0.0
OUT_00248,97.05,0.0,161.36,162.14,161.491875,0,North-Western,DIST_NW_02,0.0
OUT_00249,124.44,0.0,207.25,207.55,178.04208333333335,0,Southern,DIST_S_01,0.0
OUT_00250,660.28,492.82,760.0,783.84,690.5241666666667,0,Southern,DIST_S_02,0.0
OUT_00251,38.37,0.0,63.96,63.93,63.89958333333333,0,,,0.0
OUT_00252,176.48,16.83,281.43,284.41,257.823125,0,Western,DIST_W_02,0.0
OUT_00253,72.55,0.0,119.59,122.23,117.10770833333332,0,Western,DIST_W_03,0.0
OUT_00254,76.46,0.0,127.31,127.57,85.89708333333334,0,Central,DIST_C_01,0.0
OUT_00255,87.53,0.0,145.61,146.17,136.47270833333332,0,Central,DIST_C_02,0.0
OUT_00256,85.78,0.0,143.56,142.39,128.47229166666668,0,Central,DIST_C_03,0.0
OUT_00257,112.64,0.0,187.4,188.08,128.34958333333333,0,North-Western,DIST_NW_01,0.0
OUT_00258,56.68,0.0,94.94,93.98,64.93583333333333,0,North-Western,DIST_NW_02,0.0
OUT_00259,91.72,0.0,152.15,153.57,129.93333333333334,0,Southern,DIST_S_01,0.0
OUT_00260,131.75,0.0,219.55,219.62,216.71625000000003,0,Southern,DIST_S_02,0.0
OUT_00261,170.06,7.73,278.7,277.84,237.17791666666668,0,Western,DIST_W_01,0.0
OUT_00262,78.41,0.0,129.52,131.83,126.88520833333332,0,Western,DIST_W_02,0.0
OUT_00263,156.68,0.0,258.76,263.49,258.6839583333333,0,Western,DIST_W_03,0.0
OUT_00264,123.37,0.0,205.94,205.3,185.40145833333332,0,Central,DIST_C_01,0.0
OUT_00265,122.1,0.0,203.53,203.48,195.73416666666665,0,Central,DIST_C_02,0.0
OUT_00266,226.77,68.92,332.07,331.92,307.645,0,Central,DIST_C_03,0.0
OUT_00267,106.14,0.0,177.83,175.99,152.18645833333332,0,North-Western,DIST_NW_01,0.0
OUT_00268,111.12,0.0,185.82,184.57,185.78729166666668,0,North-Western,DIST_NW_02,0.0
OUT_00269,81.21,0.0,135.16,135.53,100.43958333333336,0,Southern,DIST_S_01,0.0
OUT_00270,82.86,0.0,138.66,137.54,103.38020833333331,0,Southern,DIST_S_02,0.0
OUT_00271,681.47,557.57,770.35,757.78,738.2989583333333,0,Western,DIST_W_01,0.0
OUT_00272,97.0,0.0,161.46,161.88,143.75395833333332,0,Western,DIST_W_02,0.0
OUT_00273,104.34,0.0,174.53,173.27,156.803125,0,Western,DIST_W_03,0.0
OUT_00274,211.37,51.64,318.7,317.0,286.44395833333334,0,Central,DIST_C_01,0.0
OUT_00275,58.01,0.0,96.83,96.54,79.335,0,Central,DIST_C_02,0.0
OUT_00276,70.3,0.0,117.01,117.31,116.42104166666668,0,Central,DIST_C_03,0.0
OUT_00277,139.52,0.0,232.77,232.28,167.45375,0,North-Western,DIST_NW_01,0.0
OUT_00278,203.51,39.26,314.14,311.87,314.16062500000004,0,North-Western,DIST_NW_02,0.0
OUT_00279,82.19,0.0,137.14,136.83,106.81520833333332,0,Southern,DIST_S_01,0.0
OUT_00280,389.11,220.58,497.2,505.72,497.311875,0,Southern,DIST_S_02,0.0
OUT_00281,91.05,0.0,152.73,150.79,122.156875,0,Western,DIST_W_01,0.0
OUT_00282,180.55,20.27,288.53,286.3,258.32104166666664,0,Western,DIST_W_02,0.0
OUT_00283,137.98,0.0,230.94,228.99,199.08875,0,Western,DIST_W_03,0.0
OUT_00284,74.31,0.0,123.7,123.99,103.501875,0,Central,DIST_C_01,0.0
OUT_00285,262.44,106.45,365.74,367.12,365.58270833333336,0,Central,DIST_C_02,0.0
OUT_00286,89.59,0.0,149.14,149.49,149.27520833333332,0,Central,DIST_C_03,0.0
OUT_00287,256.01,93.16,365.44,363.73,316.60020833333334,0,North-Western,DIST_NW_01,0.0
OUT_00288,412.58,247.34,523.1,522.37,426.241875,0,North-Western,DIST_NW_02,0.0
OUT_00289,103.1,0.0,170.9,172.76,150.56333333333333,0,Southern,DIST_S_01,0.0
OUT_00290,259.13,95.53,368.1,368.3,313.96375,0,Southern,DIST_S_02,0.0
OUT_00291,78.77,0.0,131.92,130.65,129.34,0,Western,DIST_W_01,0.0
OUT_00292,141.88,0.0,238.14,234.79,203.28,0,Western,DIST_W_02,0.0
OUT_00293,240.58,77.78,350.25,347.99,282.33208333333334,0,Western,DIST_W_03,0.0
OUT_00294,171.59,11.05,278.31,278.93,256.6816666666667,0,Central,DIST_C_01,0.0
OUT_00295,175.42,13.21,284.28,282.82,246.5666666666667,0,Central,DIST_C_02,0.0
OUT_00296,68.02,0.0,112.93,113.82,88.25,0,Central,DIST_C_03,0.0
OUT_00297,85.45,0.0,142.12,142.72,136.6925,0,North-Western,DIST_NW_01,0.0
OUT_00298,188.98,27.06,295.16,298.7,270.166875,0,North-Western,DIST_NW_02,0.0
OUT_00299,172.09,8.53,281.01,281.26,234.52229166666663,0,Southern,DIST_S_01,0.0
OUT_00300,492.47,324.7,608.58,600.04,496.963125,0,Southern,DIST_S_02,0.0
OUT_00301,109.58,0.0,182.49,182.77,148.08270833333333,0,Western,DIST_W_01,0.0
OUT_00302,153.05,0.0,253.85,256.31,221.485,0,Western,DIST_W_02,0.0
OUT_00303,502.02,337.41,611.04,612.48,547.8070833333334,0,Western,DIST_W_03,0.0
OUT_00304,66.98,0.0,110.87,112.38,108.07937499999998,0,Central,DIST_C_01,0.0
OUT_00305,45.19,0.0,79.77,70.88,58.53958333333333,0,Central,DIST_C_02,0.0
OUT_00306,87.77,0.0,145.79,146.79,129.76125,0,Central,DIST_C_03,0.0
OUT_00307,46.22,0.0,79.85,74.2,56.21479166666666,0,North-Western,DIST_NW_01,0.0
OUT_00308,148.56,0.0,246.97,248.22,226.10854166666664,0,North-Western,DIST_NW_02,0.0
OUT_00309,410.25,251.79,517.9,513.87,517.9460416666667,0,Southern,DIST_S_01,0.0
OUT_00310,508.89,343.53,614.62,623.66,565.0941666666666,0,Southern,DIST_S_02,0.0
OUT_00311,249.11,75.24,366.61,363.44,366.7383333333333,0,Western,DIST_W_01,0.0
OUT_00312,157.73,0.0,262.81,262.96,245.20270833333333,0,Western,DIST_W_02,0.0
OUT_00313,91.94,0.0,152.31,154.16,122.3525,0,Western,DIST_W_03,0.0
OUT_00314,387.99,227.14,494.34,496.13,449.7370833333334,0,Central,DIST_C_01,0.0
OUT_00315,215.3,57.11,321.86,319.67,321.97166666666664,0,,,0.0
OUT_00316,50.47,0.0,84.84,83.4,72.29354166666667,0,Central,DIST_C_03,0.0
OUT_00317,66.57,0.0,110.56,111.34,91.345625,0,North-Western,DIST_NW_01,0.0
OUT_00318,59.62,0.0,99.78,98.97,59.44770833333333,0,North-Western,DIST_NW_02,0.1722916666666663
OUT_00319,55.78,0.0,91.74,94.2,71.87770833333333,0,Southern,DIST_S_01,0.0
OUT_00320,106.6,0.0,177.2,178.12,163.38208333333333,0,Southern,DIST_S_02,0.0
OUT_00321,41.72,0.0,71.84,67.23,64.56645833333333,0,Western,DIST_W_01,0.0
OUT_00322,620.1,452.75,723.39,739.95,680.0060416666666,0,Western,DIST_W_02,0.0
OUT_00323,186.99,25.99,293.19,295.47,279.81416666666667,0,Western,DIST_W_03,0.0
OUT_00324,132.31,0.0,221.17,219.87,170.03458333333333,0,Central,DIST_C_01,0.0
OUT_00325,443.35,272.32,556.17,558.57,456.4075,0,Central,DIST_C_02,0.0
OUT_00326,239.6,82.24,344.17,344.83,318.49583333333334,0,Central,DIST_C_03,0.0
OUT_00327,156.48,0.0,261.52,260.07,245.4820833333333,0,North-Western,DIST_NW_01,0.0
OUT_00328,175.36,13.97,281.71,284.17,273.80041666666665,0,North-Western,DIST_NW_02,0.0
OUT_00329,364.6,191.97,481.05,478.32,481.15625,0,,,0.0
OUT_00330,449.53,289.34,556.11,556.54,500.13958333333335,0,Southern,DIST_S_02,0.0
OUT_00331,79.6,0.0,132.11,133.24,122.03541666666666,0,Western,DIST_W_01,0.0
OUT_00332,171.22,7.69,280.53,279.94,226.98958333333331,0,Western,DIST_W_02,0.0
OUT_00333,201.8,42.42,307.16,308.94,285.255,0,Western,DIST_W_03,0.0
OUT_00334,344.84,186.68,450.96,449.6,411.1279166666666,0,Central,DIST_C_01,0.0
OUT_00335,104.36,0.0,173.22,174.67,170.51270833333334,0,Central,DIST_C_02,0.0
OUT_00336,384.17,227.82,490.69,486.11,439.4527083333333,0,Central,DIST_C_03,0.0
OUT_00337,161.89,0.0,269.93,269.7,269.94041666666664,0,,,0.0
OUT_00338,70.43,0.0,117.52,117.26,70.644375,0,North-Western,DIST_NW_02,0.0
OUT_00339,96.22,0.0,160.09,160.66,140.19520833333334,0,Southern,DIST_S_01,0.0
OUT_00340,441.98,275.42,552.61,553.45,482.79041666666666,0,Southern,DIST_S_02,0.0
OUT_00341,284.41,136.16,382.37,384.12,380.6283333333333,0,Western,DIST_W_01,0.0
OUT_00342,291.72,131.9,397.95,398.58,368.976875,0,Western,DIST_W_02,0.0
OUT_00343,387.08,231.09,491.88,490.25,454.59,0,Western,DIST_W_03,0.0
OUT_00344,76.46,0.0,127.76,127.12,102.86541666666666,0,Central,DIST_C_01,0.0
OUT_00345,223.59,56.81,334.87,334.67,272.82166666666666,0,Central,DIST_C_02,0.0
OUT_00346,385.22,236.0,485.66,483.77,485.46979166666665,0,Central,DIST_C_03,0.0
OUT_00347,192.06,31.23,299.43,299.14,271.20395833333333,0,North-Western,DIST_NW_01,0.0
OUT_00348,134.89,0.0,224.02,225.62,194.4375,0,North-Western,DIST_NW_02,0.0
OUT_00349,131.28,0.0,219.43,218.19,173.39374999999998,0,Southern,DIST_S_01,0.0
OUT_00350,75.38,0.0,127.12,124.16,105.78354166666666,0,Southern,DIST_S_02,0.0
OUT_00351,131.21,0.0,218.38,218.98,218.23166666666668,0,Western,DIST_W_01,0.0
OUT_00352,127.52,0.0,212.55,212.52,182.22541666666663,0,Western,DIST_W_02,0.0
OUT_00353,115.5,0.0,191.65,193.34,186.41937500000003,0,Western,DIST_W_03,0.0
OUT_00354,107.5,0.0,179.56,178.78,179.63583333333335,0,Central,DIST_C_01,0.0
OUT_00355,260.06,95.63,370.14,369.21,370.2089583333333,0,Central,DIST_C_02,0.0
OUT_00356,156.95,0.0,262.11,261.07,222.030625,0,Central,DIST_C_03,0.0
OUT_00357,150.15,0.0,251.12,249.38,215.25604166666665,0,North-Western,DIST_NW_01,0.0
OUT_00358,83.6,0.0,139.32,139.34,116.575625,0,North-Western,DIST_NW_02,0.0
OUT_00359,71.38,0.0,117.96,119.98,73.936875,0,Southern,DIST_S_01,0.0
OUT_00360,80.35,0.0,132.49,135.34,102.986875,0,Southern,DIST_S_02,0.0
OUT_00361,260.75,92.2,372.47,373.75,372.4085416666667,0,Western,DIST_W_01,0.0
OUT_00362,334.47,172.83,440.53,443.93,440.4816666666666,0,Western,DIST_W_02,0.0
OUT_00363,101.06,0.0,167.82,169.03,158.519375,0,Western,DIST_W_03,0.0
OUT_00364,135.21,0.0,226.12,224.57,189.031875,0,Central,DIST_C_01,0.0
OUT_00365,81.83,0.0,135.58,137.19,116.84,0,Central,DIST_C_02,0.0
OUT_00366,54.8,0.0,92.14,90.53,83.69104166666666,0,Central,DIST_C_03,0.0
OUT_00367,181.8,18.69,290.91,290.16,238.59270833333332,0,North-Western,DIST_NW_01,0.0
OUT_00368,128.95,0.0,215.92,213.93,187.57354166666667,0,North-Western,DIST_NW_02,0.0
OUT_00369,464.61,298.61,582.83,567.72,483.59625,0,Southern,DIST_S_01,0.0
OUT_00370,679.92,527.27,786.85,776.53,740.199375,0,Southern,DIST_S_02,0.0
OUT_00371,751.63,610.98,852.19,838.6,852.1197916666666,0,Western,DIST_W_01,0.0
OUT_00372,191.35,30.59,297.64,299.39,297.6277083333334,0,Western,DIST_W_02,0.0
OUT_00373,403.54,241.84,510.92,511.78,456.16,0,Western,DIST_W_03,0.0
OUT_00374,111.6,0.0,184.22,187.76,184.26666666666665,0,Central,DIST_C_01,0.0
OUT_00375,89.3,0.0,148.33,149.32,126.80583333333334,0,Central,DIST_C_02,0.0
OUT_00376,562.16,375.67,678.64,694.35,678.6454166666666,0,Central,DIST_C_03,0.0
OUT_00377,117.12,0.0,195.71,194.71,161.90020833333332,0,North-Western,DIST_NW_01,0.0
OUT_00378,82.09,0.0,136.76,136.85,107.01583333333332,0,North-Western,DIST_NW_02,0.0
OUT_00379,135.91,0.0,226.41,226.64,220.880625,0,Southern,DIST_S_01,0.0
OUT_00380,42.35,0.0,71.43,69.75,52.23833333333334,0,Southern,DIST_S_02,0.0
OUT_00381,213.92,57.56,319.29,317.02,319.06104166666665,0,Western,DIST_W_01,0.0
OUT_00382,214.93,58.77,318.31,319.76,316.0545833333333,0,Western,DIST_W_02,0.0
OUT_00383,295.15,144.41,398.81,392.48,398.84291666666667,0,,,0.0
OUT_00384,129.09,0.0,213.28,217.03,198.0639583333333,0,Central,DIST_C_01,0.0
OUT_00385,99.91,0.0,165.98,167.05,144.94208333333333,0,Central,DIST_C_02,0.0
OUT_00386,224.01,63.08,331.19,331.4,288.0545833333333,0,Central,DIST_C_03,0.0
OUT_00387,731.05,564.52,851.75,832.4,712.4860416666667,0,North-Western,DIST_NW_01,18.56395833333329
OUT_00388,120.7,0.0,200.36,201.99,196.2464583333333,0,North-Western,DIST_NW_02,0.0
OUT_00389,77.2,0.0,128.96,128.37,106.99291666666666,0,Southern,DIST_S_01,0.0
OUT_00390,91.23,0.0,153.03,151.07,112.91,0,Southern,DIST_S_02,0.0
OUT_00391,144.27,0.0,241.43,239.45,241.5616666666667,0,Western,DIST_W_01,0.0
OUT_00392,79.14,0.0,132.19,131.61,126.910625,0,Western,DIST_W_02,0.0
OUT_00393,215.61,58.2,317.49,323.59,311.14375,0,Western,DIST_W_03,0.0
OUT_00394,114.99,0.0,186.4,196.88,186.15020833333327,0,,,0.0
OUT_00395,84.92,0.0,142.27,140.79,104.70020833333332,0,Central,DIST_C_02,0.0
OUT_00396,68.28,0.0,113.88,113.71,106.98916666666666,0,Central,DIST_C_03,0.0
OUT_00397,84.94,0.0,142.8,140.32,95.593125,0,North-Western,DIST_NW_01,0.0
OUT_00398,75.75,0.0,126.17,126.33,108.77,0,North-Western,DIST_NW_02,0.0
OUT_00399,79.45,0.0,132.83,132.0,91.56416666666668,0,Southern,DIST_S_01,0.0
OUT_00400,110.57,0.0,183.64,184.91,153.189375,0,Southern,DIST_S_02,0.0
OUT_00401,173.45,16.5,280.43,275.74,250.0589583333333,0,Western,DIST_W_01,0.0
OUT_00402,134.94,0.0,225.44,224.35,198.54416666666668,0,Western,DIST_W_02,0.0
OUT_00403,137.09,0.0,229.1,227.86,229.13041666666663,0,Western,DIST_W_03,0.0
OUT_00404,59.81,0.0,97.91,101.47,81.71499999999999,0,Central,DIST_C_01,0.0
OUT_00405,52.57,0.0,86.83,88.42,60.579791666666665,0,Central,DIST_C_02,0.0
OUT_00406,163.28,1.48,270.57,271.73,240.1902083333333,0,Central,DIST_C_03,0.0
OUT_00407,111.31,0.0,186.41,184.64,131.20729166666666,0,North-Western,DIST_NW_01,0.0
OUT_00408,209.16,50.38,313.64,316.4,300.5779166666667,0,North-Western,DIST_NW_02,0.0
OUT_00409,142.95,0.0,238.26,238.24,189.35416666666663,0,Southern,DIST_S_01,0.0
OUT_00410,136.85,0.0,227.45,228.73,200.82666666666668,0,Southern,DIST_S_02,0.0
OUT_00411,133.65,0.0,221.49,224.02,221.22208333333333,0,Western,DIST_W_01,0.0
OUT_00412,130.58,0.0,217.39,217.88,189.15729166666665,0,Western,DIST_W_02,0.0
OUT_00413,54.77,0.0,92.5,90.06,59.106458333333336,0,Western,DIST_W_03,0.0
OUT_00414,115.8,0.0,192.11,193.9,154.19104166666668,0,Central,DIST_C_01,0.0
OUT_00415,57.49,0.0,96.85,94.79,73.19416666666667,0,Central,DIST_C_02,0.0
OUT_00416,97.68,0.0,162.53,163.09,156.901875,0,Central,DIST_C_03,0.0
OUT_00417,50.02,0.0,83.54,83.18,71.874375,0,North-Western,DIST_NW_01,0.0
OUT_00418,382.1,213.85,495.53,493.0,495.4560416666666,0,North-Western,DIST_NW_02,0.0
OUT_00419,240.82,82.53,346.18,346.51,346.1329166666667,0,Southern,DIST_S_01,0.0
OUT_00420,58.22,0.0,98.6,95.47,98.49729166666668,0,,,0.0
OUT_00421,64.71,0.0,107.74,107.97,94.17625,0,Western,DIST_W_01,0.0
OUT_00422,237.99,85.18,338.36,341.36,338.2135416666667,0,,,0.0
OUT_00423,115.59,0.0,193.81,191.5,136.17416666666665,0,Western,DIST_W_03,0.0
OUT_00424,163.59,6.62,268.68,267.81,243.9633333333333,0,Central,DIST_C_01,0.0
OUT_00425,191.1,30.35,298.53,298.0,269.4277083333333,0,Central,DIST_C_02,0.0
OUT_00426,224.13,60.02,331.29,335.79,294.9039583333333,0,Central,DIST_C_03,0.0
OUT_00427,35.81,0.0,57.64,61.72,54.615208333333335,0,North-Western,DIST_NW_01,0.0
OUT_00428,125.53,0.0,208.27,210.18,170.099375,0,North-Western,DIST_NW_02,0.0
OUT_00429,50.84,0.0,85.21,84.24,66.34666666666666,0,Southern,DIST_S_01,0.0
OUT_00430,150.25,0.0,249.1,251.75,249.06729166666665,0,Southern,DIST_S_02,0.0
OUT_00431,276.29,126.12,378.25,374.55,374.49375,0,Western,DIST_W_01,0.0
OUT_00432,436.17,264.22,551.53,550.06,466.5764583333334,0,Western,DIST_W_02,0.0
OUT_00433,763.18,625.87,876.46,832.99,876.63625,0,Western,DIST_W_03,0.0
OUT_00434,73.05,0.0,121.63,121.85,106.26208333333334,0,Central,DIST_C_01,0.0
OUT_00435,159.98,0.0,266.17,267.11,230.25666666666663,0,Central,DIST_C_02,0.0
OUT_00436,30.01,0.0,46.92,53.11,46.72229166666667,0,Central,DIST_C_03,0.0
OUT_00437,101.63,0.0,170.32,168.45,119.31333333333332,0,North-Western,DIST_NW_01,0.0
OUT_00438,185.88,25.39,291.65,294.1,284.6620833333333,0,North-Western,DIST_NW_02,0.0
OUT_00439,105.99,0.0,176.15,177.14,127.52020833333334,0,Southern,DIST_S_01,0.0
OUT_00440,118.29,0.0,196.35,197.93,132.99604166666666,0,Southern,DIST_S_02,0.0
OUT_00441,496.24,355.81,591.08,588.65,553.1402083333334,0,Western,DIST_W_01,0.0
OUT_00442,421.22,249.08,535.3,536.67,445.908125,0,Western,DIST_W_02,0.0
OUT_00443,399.15,231.86,508.37,512.98,419.0995833333333,0,Western,DIST_W_03,0.0
OUT_00444,451.11,286.05,552.3,570.0,522.8935416666667,0,Central,DIST_C_01,0.0
OUT_00445,45.33,0.0,77.49,73.6,63.74041666666667,0,Central,DIST_C_02,0.0
OUT_00446,221.01,61.73,326.64,327.75,270.10541666666666,0,Central,DIST_C_03,0.0
OUT_00447,88.7,0.0,147.05,148.61,116.683125,0,North-Western,DIST_NW_01,0.0
OUT_00448,326.38,155.44,439.78,440.91,347.93875,0,North-Western,DIST_NW_02,0.0
OUT_00449,210.92,42.43,325.36,321.13,254.625,0,Southern,DIST_S_01,0.0
OUT_00450,44.89,0.0,78.4,71.22,59.92145833333333,0,Southern,DIST_S_02,0.0
OUT_00451,72.8,0.0,118.32,124.36,96.583125,0,Western,DIST_W_01,0.0
OUT_00452,29.44,0.0,48.3,49.83,48.110625,0,,,0.0
OUT_00453,110.85,0.0,188.51,180.99,188.57375,0,,,0.0
OUT_00454,71.99,0.0,120.25,119.73,101.401875,0,Central,DIST_C_01,0.0
OUT_00455,397.46,238.61,501.84,504.9,465.74916666666667,0,Central,DIST_C_02,0.0
OUT_00456,50.87,0.0,85.2,84.38,56.55041666666667,0,Central,DIST_C_03,0.0
OUT_00457,122.27,0.0,204.18,203.4,167.63062499999998,0,North-Western,DIST_NW_01,0.0
OUT_00458,155.03,0.0,258.83,257.96,244.8841666666667,0,North-Western,DIST_NW_02,0.0
OUT_00459,78.73,0.0,131.03,131.39,80.64729166666667,0,Southern,DIST_S_01,0.0
OUT_00460,270.08,105.44,379.0,380.68,326.85854166666667,0,Southern,DIST_S_02,0.0
OUT_00461,322.43,161.18,428.45,431.4,428.585625,0,Western,DIST_W_01,0.0
OUT_00462,134.23,0.0,221.61,225.83,210.84875,0,Western,DIST_W_02,0.0
OUT_00463,424.03,260.2,533.39,533.11,456.11437500000005,0,Western,DIST_W_03,0.0
OUT_00464,167.9,5.26,274.98,277.67,233.4125,0,Central,DIST_C_01,0.0
OUT_00465,202.72,40.53,312.89,308.81,245.42520833333333,0,Central,DIST_C_02,0.0
OUT_00466,83.82,0.0,142.49,136.92,142.57500000000002,0,Central,DIST_C_03,0.0
OUT_00467,102.94,0.0,170.73,172.39,163.32395833333334,0,North-Western,DIST_NW_01,0.0
OUT_00468,51.78,0.0,86.18,86.43,58.76041666666666,0,North-Western,DIST_NW_02,0.0
OUT_00469,282.84,114.4,395.26,394.99,315.46,0,Southern,DIST_S_01,0.0
OUT_00470,109.55,0.0,183.69,181.48,105.025,0,Southern,DIST_S_02,4.5249999999999915
OUT_00471,87.48,0.0,145.75,145.85,145.7775,0,Western,DIST_W_01,0.0
OUT_00472,175.98,16.88,280.96,283.15,264.310625,0,Western,DIST_W_02,0.0
OUT_00473,134.64,0.0,224.2,224.61,212.18979166666668,0,Western,DIST_W_03,0.0
OUT_00474,406.61,235.69,520.87,520.24,408.5627083333333,0,Central,DIST_C_01,0.0
OUT_00475,284.87,114.09,399.46,397.98,292.4975,0,Central,DIST_C_02,0.0
OUT_00476,146.79,0.0,244.83,244.47,237.2229166666667,0,Central,DIST_C_03,0.0
OUT_00477,144.62,0.0,239.91,242.16,216.7983333333333,0,North-Western,DIST_NW_01,0.0
OUT_00478,97.28,0.0,161.13,163.15,148.86520833333333,0,North-Western,DIST_NW_02,0.0
OUT_00479,100.26,0.0,166.43,167.78,144.424375,0,Southern,DIST_S_01,0.0
OUT_00480,225.11,64.29,332.46,332.19,304.68083333333334,0,Southern,DIST_S_02,0.0
OUT_00481,222.29,64.89,327.37,327.09,327.41520833333334,0,Western,DIST_W_01,0.0
OUT_00482,172.88,12.08,279.01,281.15,250.994375,0,Western,DIST_W_02,0.0
OUT_00483,97.48,0.0,162.54,162.41,148.62479166666665,0,Western,DIST_W_03,0.0
OUT_00484,341.65,177.55,450.52,451.56,393.5079166666667,0,Central,DIST_C_01,0.0
OUT_00485,227.92,63.43,337.29,337.88,284.4264583333333,0,Central,DIST_C_02,0.0
OUT_00486,289.03,130.38,396.04,393.56,396.0570833333333,0,Central,DIST_C_03,0.0
OUT_00487,110.63,0.0,183.37,185.4,156.93770833333335,0,North-Western,DIST_NW_01,0.0
OUT_00488,39.11,0.0,62.64,67.72,62.062291666666674,0,North-Western,DIST_NW_02,0.0
OUT_00489,300.83,127.39,418.52,414.41,292.625,0,Southern,DIST_S_01,8.204999999999984
OUT_00490,149.58,0.0,248.47,250.12,244.16875,0,Southern,DIST_S_02,0.0
OUT_00491,52.21,0.0,86.69,87.35,75.84125,0,Western,DIST_W_01,0.0
OUT_00492,146.57,0.0,244.03,244.53,222.20208333333332,0,Western,DIST_W_02,0.0
OUT_00493,281.22,113.61,392.8,393.13,392.8879166666666,0,Western,DIST_W_03,0.0
OUT_00494,112.86,0.0,187.86,188.33,185.5016666666667,0,Central,DIST_C_01,0.0
OUT_00495,120.77,0.0,201.3,201.28,188.3060416666667,0,Central,DIST_C_02,0.0
OUT_00496,54.53,0.0,91.66,90.12,78.88666666666667,0,Central,DIST_C_03,0.0
OUT_00497,114.27,0.0,190.4,190.5,162.399375,0,North-Western,DIST_NW_01,0.0
OUT_00498,91.49,0.0,151.93,153.05,121.34791666666666,0,North-Western,DIST_NW_02,0.0
OUT_00499,190.49,26.4,300.16,299.61,253.46375,0,Southern,DIST_S_01,0.0
OUT_00500,219.53,53.84,330.76,329.22,272.88270833333337,0,Southern,DIST_S_02,0.0
