Outlet_ID,Outlet_Type,Province,Distributor_ID,Latitude,Longitude,Cooler_Capacity_L,_ingestion_ts,_source_file,_checksum
OUT_00001,Grocery,Western,DIST_W_01,6.912362,80.087679,0,2026-06-01T13:00:38.528115,outlet_master.csv,bc14b1bac19945f8f56165de01c88513
OUT_00002,Grocery,Western,DIST_W_02,6.817425,80.066544,200,2026-06-01T13:00:38.528115,outlet_master.csv,bc14b1bac19945f8f56165de01c88513
OUT_00003,Kade,Western,DIST_W_03,7.049733,79.903085,100,2026-06-01T13:00:38.528115,outlet_master.csv,bc14b1bac19945f8f56165de01c88513
OUT_00004,Grocery,Central,DIST_C_01,7.094375,80.65193,50,2026-06-01T13:00:38.528115,outlet_master.csv,bc14b1bac19945f8f56165de01c88513
OUT_00005,Kade,Central,DIST_C_02,7.105231,80.824812,0,2026-06-01T13:00:38.528115,outlet_master.csv,bc14b1bac19945f8f56165de01c88513
OUT_00006,Convenience,Central,DIST_C_03,7.173395,80.609683,150,2026-06-01T13:00:38.528115,outlet_master.csv,bc14b1bac19945f8f56165de01c88513
OUT_00007,Grocery,North-Western,DIST_NW_01,7.721846,79.939069,100,2026-06-01T13:00:38.528115,outlet_master.csv,bc14b1bac19945f8f56165de01c88513
OUT_00008,Kade,North-Western,DIST_NW_02,7.613755,80.263728,100,2026-06-01T13:00:38.528115,outlet_master.csv,bc14b1bac19945f8f56165de01c88513
OUT_00009,Convenience,Southern,DIST_S_01,6.173355,80.347884,150,2026-06-01T13:00:38.528115,outlet_master.csv,bc14b1bac19945f8f56165de01c88513
OUT_00010,Grocery,Southern,DIST_S_02,6.19895,80.937499,50,2026-06-01T13:00:38.528115,outlet_master.csv,bc14b1bac19945f8f56165de01c88513
OUT_00011,Grocery,Western,DIST_W_01,6.916603,79.917837,100,2026-06-01T13:00:38.528115,outlet_master.csv,bc14b1bac19945f8f56165de01c88513
OUT_00012,Pharmacy,Western,DIST_W_02,6.842277,80.050549,0,2026-06-01T13:00:38.528115,outlet_master.csv,bc14b1bac19945f8f56165de01c88513
OUT_00013,Pharmacy,Western,DIST_W_03,6.801657,80.053865,0,2026-06-01T13:00:38.528115,outlet_master.csv,bc14b1bac19945f8f56165de01c88513
OUT_00014,Kade,Central,DIST_C_01,7.06131,80.590554,0,2026-06-01T13:00:38.528115,outlet_master.csv,bc14b1bac19945f8f56165de01c88513
OUT_00015,Supermarket,Central,DIST_C_02,7.039942,80.663814,100,2026-06-01T13:00:38.528115,outlet_master.csv,bc14b1bac19945f8f56165de01c88513
OUT_00016,Pharmacy,Central,DIST_C_03,6.953817,80.799636,100,2026-06-01T13:00:38.528115,outlet_master.csv,bc14b1bac19945f8f56165de01c88513
OUT_00017,Grocery,North-Western,DIST_NW_01,,80.071016,100,2026-06-01T13:00:38.528115,outlet_master.csv,bc14b1bac19945f8f56165de01c88513
OUT_00018,Kade,North-Western,DIST_NW_02,7.725742,80.103428,150,2026-06-01T13:00:38.528115,outlet_master.csv,bc14b1bac19945f8f56165de01c88513
OUT_00019,Supermarket,Southern,DIST_S_01,6.014399,80.261584,150,2026-06-01T13:00:38.528115,outlet_master.csv,bc14b1bac19945f8f56165de01c88513
OUT_00020,Supermarket,Southern,DIST_S_02,6.216702,80.897168,100,2026-06-01T13:00:38.528115,outlet_master.csv,bc14b1bac19945f8f56165de01c88513
OUT_00021,Grocery,Western,DIST_W_01,7.042232,80.074023,50,2026-06-01T13:00:38.528115,outlet_master.csv,bc14b1bac19945f8f56165de01c88513
OUT_00022,Kade,Western,DIST_W_02,,80.065183,50,2026-06-01T13:00:38.528115,outlet_master.csv,bc14b1bac19945f8f56165de01c88513
OUT_00023,Kade,Western,DIST_W_03,6.83596,79.934404,100,2026-06-01T13:00:38.528115,outlet_master.csv,bc14b1bac19945f8f56165de01c88513
OUT_00024,Kade,Central,DIST_C_01,7.063633,80.890124,50,2026-06-01T13:00:38.528115,outlet_master.csv,bc14b1bac19945f8f56165de01c88513
OUT_00025,Grocery,Central,DIST_C_02,7.028178,80.56291,50,2026-06-01T13:00:38.528115,outlet_master.csv,bc14b1bac19945f8f56165de01c88513
OUT_00026,Convenience,Central,DIST_C_03,7.30872,80.633847,50,2026-06-01T13:00:38.528115,outlet_master.csv,bc14b1bac19945f8f56165de01c88513
OUT_00027,Kade,North-Western,DIST_NW_01,7.868854,80.204648,100,2026-06-01T13:00:38.528115,outlet_master.csv,bc14b1bac19945f8f56165de01c88513
OUT_00028,Kade,North-Western,DIST_NW_02,7.853412,80.11431,0,2026-06-01T13:00:38.528115,outlet_master.csv,bc14b1bac19945f8f56165de01c88513
OUT_00029,Kade,southern,DIST_S_01,5.920388,80.672714,50,2026-06-01T13:00:38.528115,outlet_master.csv,bc14b1bac19945f8f56165de01c88513
OUT_00030,Convenience,Southern,DIST_S_02,6.222586,80.339493,0,2026-06-01T13:00:38.528115,outlet_master.csv,bc14b1bac19945f8f56165de01c88513
OUT_00031,Grocery,Western,DIST_W_01,6.90232,79.878368,100,2026-06-01T13:00:38.528115,outlet_master.csv,bc14b1bac19945f8f56165de01c88513
OUT_00032,Grocery,Western,DIST_W_02,7.045167,79.9888,150,2026-06-01T13:00:38.528115,outlet_master.csv,bc14b1bac19945f8f56165de01c88513
OUT_00033,Eatery,Western,DIST_W_03,7.070125,80.008275,150,2026-06-01T13:00:38.528115,outlet_master.csv,bc14b1bac19945f8f56165de01c88513
OUT_00034,Grocery,Central,DIST_C_01,7.299189,80.822956,150,2026-06-01T13:00:38.528115,outlet_master.csv,bc14b1bac19945f8f56165de01c88513
OUT_00035,Grocery,Central,DIST_C_02,7.172893,80.553219,0,2026-06-01T13:00:38.528115,outlet_master.csv,bc14b1bac19945f8f56165de01c88513
OUT_00036,Eatery,Central,DIST_C_03,7.14693,80.792163,50,2026-06-01T13:00:38.528115,outlet_master.csv,bc14b1bac19945f8f56165de01c88513
OUT_00037,Eatery,North-Western,DIST_NW_01,7.73016,80.198597,100,2026-06-01T13:00:38.528115,outlet_master.csv,bc14b1bac19945f8f56165de01c88513
OUT_00038,Convenience,North-Western,DIST_NW_02,7.63747,80.047086,50,2026-06-01T13:00:38.528115,outlet_master.csv,bc14b1bac19945f8f56165de01c88513
OUT_00039,Kade,Southern,DIST_S_01,6.346023,80.704911,100,2026-06-01T13:00:38.528115,outlet_master.csv,bc14b1bac19945f8f56165de01c88513
OUT_00040,Eatery,Southern,DIST_S_02,5.997621,80.777962,0,2026-06-01T13:00:38.528115,outlet_master.csv,bc14b1bac19945f8f56165de01c88513
OUT_00041,Grocery,Western,DIST_W_01,7.082138,80.088482,200,2026-06-01T13:00:38.528115,outlet_master.csv,bc14b1bac19945f8f56165de01c88513
OUT_00042,Grocery,Western,DIST_W_02,6.928455,80.091664,50,2026-06-01T13:00:38.528115,outlet_master.csv,bc14b1bac19945f8f56165de01c88513
OUT_00043,Convenience,Western,DIST_W_03,7.055341,79.929231,100,2026-06-01T13:00:38.528115,outlet_master.csv,bc14b1bac19945f8f56165de01c88513
OUT_00044,Grocery,Central,DIST_C_01,7.156528,80.584012,100,2026-06-01T13:00:38.528115,outlet_master.csv,bc14b1bac19945f8f56165de01c88513
OUT_00045,Kade,Central,DIST_C_02,7.294818,80.809269,50,2026-06-01T13:00:38.528115,outlet_master.csv,bc14b1bac19945f8f56165de01c88513
OUT_00046,Kade,Central,DIST_C_03,7.264213,80.83354,100,2026-06-01T13:00:38.528115,outlet_master.csv,bc14b1bac19945f8f56165de01c88513
OUT_00047,Supermarket,North-Western,DIST_NW_01,7.919318,80.159986,50,2026-06-01T13:00:38.528115,outlet_master.csv,bc14b1bac19945f8f56165de01c88513
OUT_00048,Kade,North-Western,DIST_NW_02,7.750233,79.937593,100,2026-06-01T13:00:38.528115,outlet_master.csv,bc14b1bac19945f8f56165de01c88513
OUT_00049,Pharmacy,Southern,DIST_S_01,6.043271,80.672667,50,2026-06-01T13:00:38.528115,outlet_master.csv,bc14b1bac19945f8f56165de01c88513
OUT_00050,Eatery,Southern,DIST_S_02,5.96353,80.617795,0,2026-06-01T13:00:38.528115,outlet_master.csv,bc14b1bac19945f8f56165de01c88513
OUT_00051,Eatery,Western,DIST_W_01,6.815505,79.982839,200,2026-06-01T13:00:38.528115,outlet_master.csv,bc14b1bac19945f8f56165de01c88513
OUT_00052,Kade,Western,DIST_W_02,6.95489,79.930739,0,2026-06-01T13:00:38.528115,outlet_master.csv,bc14b1bac19945f8f56165de01c88513
OUT_00053,Kade,Western,DIST_W_03,6.807605,80.090662,0,2026-06-01T13:00:38.528115,outlet_master.csv,bc14b1bac19945f8f56165de01c88513
OUT_00054,Eatery,Central,DIST_C_01,6.970397,80.637585,50,2026-06-01T13:00:38.528115,outlet_master.csv,bc14b1bac19945f8f56165de01c88513
OUT_00055,Kade,Central,DIST_C_02,7.329689,80.808264,50,2026-06-01T13:00:38.528115,outlet_master.csv,bc14b1bac19945f8f56165de01c88513
OUT_00056,Grocery,Central,DIST_C_03,,80.815246,0,2026-06-01T13:00:38.528115,outlet_master.csv,bc14b1bac19945f8f56165de01c88513
OUT_00057,Kade,North-Western,DIST_NW_01,7.942184,80.181463,100,2026-06-01T13:00:38.528115,outlet_master.csv,bc14b1bac19945f8f56165de01c88513
OUT_00058,Eatery,North-Western,DIST_NW_02,7.669281,80.073541,0,2026-06-01T13:00:38.528115,outlet_master.csv,bc14b1bac19945f8f56165de01c88513
OUT_00059,Eatery,Southern,DIST_S_01,6.087306,80.700688,0,2026-06-01T13:00:38.528115,outlet_master.csv,bc14b1bac19945f8f56165de01c88513
OUT_00060,Convenience,Southern,DIST_S_02,,80.713935,100,2026-06-01T13:00:38.528115,outlet_master.csv,bc14b1bac19945f8f56165de01c88513
OUT_00061,Convenience,Western,DIST_W_01,6.916451,80.010822,50,2026-06-01T13:00:38.528115,outlet_master.csv,bc14b1bac19945f8f56165de01c88513
OUT_00062,Grocery,Western,DIST_W_02,7.088357,80.076338,0,2026-06-01T13:00:38.528115,outlet_master.csv,bc14b1bac19945f8f56165de01c88513
OUT_00063,Supermarket,Western,DIST_W_03,6.828333,80.020752,0,2026-06-01T13:00:38.528115,outlet_master.csv,bc14b1bac19945f8f56165de01c88513
OUT_00064,Eatery,Central,DIST_C_01,7.266511,80.648649,150,2026-06-01T13:00:38.528115,outlet_master.csv,bc14b1bac19945f8f56165de01c88513
OUT_00065,Pharmacy,Central,DIST_C_02,7.230782,80.831218,150,2026-06-01T13:00:38.528115,outlet_master.csv,bc14b1bac19945f8f56165de01c88513
OUT_00066,Kade,Central,DIST_C_03,7.345727,80.694416,200,2026-06-01T13:00:38.528115,outlet_master.csv,bc14b1bac19945f8f56165de01c88513
OUT_00067,Grocery,North-Western,DIST_NW_01,7.943365,80.071598,200,2026-06-01T13:00:38.528115,outlet_master.csv,bc14b1bac19945f8f56165de01c88513
OUT_00068,Kade,North-Western,DIST_NW_02,7.802101,80.230583,0,2026-06-01T13:00:38.528115,outlet_master.csv,bc14b1bac19945f8f56165de01c88513
OUT_00069,Convenience,Southern,DIST_S_01,6.352691,80.273029,100,2026-06-01T13:00:38.528115,outlet_master.csv,bc14b1bac19945f8f56165de01c88513
OUT_00070,Eatery,Southern,DIST_S_02,6.215919,80.558756,150,2026-06-01T13:00:38.528115,outlet_master.csv,bc14b1bac19945f8f56165de01c88513
OUT_00071,Grocery,Western,DIST_W_01,7.037474,80.047405,100,2026-06-01T13:00:38.528115,outlet_master.csv,bc14b1bac19945f8f56165de01c88513
OUT_00072,Grocery,Western,DIST_W_02,6.932459,80.071926,150,2026-06-01T13:00:38.528115,outlet_master.csv,bc14b1bac19945f8f56165de01c88513
OUT_00073,Grocery,Western,DIST_W_03,6.985465,79.875281,150,2026-06-01T13:00:38.528115,outlet_master.csv,bc14b1bac19945f8f56165de01c88513
OUT_00074,Kade,Central,DIST_C_01,7.217809,80.578472,50,2026-06-01T13:00:38.528115,outlet_master.csv,bc14b1bac19945f8f56165de01c88513
OUT_00075,Kade,Central,DIST_C_02,7.26576,80.881537,0,2026-06-01T13:00:38.528115,outlet_master.csv,bc14b1bac19945f8f56165de01c88513
OUT_00076,Grocery,Central,DIST_C_03,7.249716,80.745441,100,2026-06-01T13:00:38.528115,outlet_master.csv,bc14b1bac19945f8f56165de01c88513
OUT_00077,Grocery,North-Western,DIST_NW_01,7.604541,80.087464,100,2026-06-01T13:00:38.528115,outlet_master.csv,bc14b1bac19945f8f56165de01c88513
OUT_00078,Grocery,North-Western,DIST_NW_02,7.898418,80.133348,150,2026-06-01T13:00:38.528115,outlet_master.csv,bc14b1bac19945f8f56165de01c88513
OUT_00079,Grocery,Southern,DIST_S_01,,80.970578,150,2026-06-01T13:00:38.528115,outlet_master.csv,bc14b1bac19945f8f56165de01c88513
OUT_00080,Convenience,Southern,DIST_S_02,6.163851,80.994372,100,2026-06-01T13:00:38.528115,outlet_master.csv,bc14b1bac19945f8f56165de01c88513
OUT_00081,Kade,Western,DIST_W_01,6.98882,80.023937,200,2026-06-01T13:00:38.528115,outlet_master.csv,bc14b1bac19945f8f56165de01c88513
OUT_00082,Kade,Western,DIST_W_02,6.813634,79.920241,100,2026-06-01T13:00:38.528115,outlet_master.csv,bc14b1bac19945f8f56165de01c88513
OUT_00083,Kade,Western,DIST_W_03,6.883214,79.89703,0,2026-06-01T13:00:38.528115,outlet_master.csv,bc14b1bac19945f8f56165de01c88513
OUT_00084,Kade,Central,DIST_C_01,7.338478,80.895174,150,2026-06-01T13:00:38.528115,outlet_master.csv,bc14b1bac19945f8f56165de01c88513
OUT_00085,Convenience,Central,DIST_C_02,7.208129,80.606916,100,2026-06-01T13:00:38.528115,outlet_master.csv,bc14b1bac19945f8f56165de01c88513
OUT_00086,Grocery,Central,DIST_C_03,7.176037,80.696385,0,2026-06-01T13:00:38.528115,outlet_master.csv,bc14b1bac19945f8f56165de01c88513
OUT_00087,Kade,North-Western,DIST_NW_01,7.750585,80.224221,50,2026-06-01T13:00:38.528115,outlet_master.csv,bc14b1bac19945f8f56165de01c88513
OUT_00088,Kade,North-Western,DIST_NW_02,7.987966,80.236848,50,2026-06-01T13:00:38.528115,outlet_master.csv,bc14b1bac19945f8f56165de01c88513
OUT_00089,Convenience,Southern,DIST_S_01,5.928188,80.891778,100,2026-06-01T13:00:38.528115,outlet_master.csv,bc14b1bac19945f8f56165de01c88513
OUT_00090,Kade,Southern,DIST_S_02,6.284494,80.955813,0,2026-06-01T13:00:38.528115,outlet_master.csv,bc14b1bac19945f8f56165de01c88513
OUT_00091,Eatery,Western,DIST_W_01,7.086215,80.001544,50,2026-06-01T13:00:38.528115,outlet_master.csv,bc14b1bac19945f8f56165de01c88513
OUT_00092,Kade,Western,DIST_W_02,6.834067,80.017893,150,2026-06-01T13:00:38.528115,outlet_master.csv,bc14b1bac19945f8f56165de01c88513
OUT_00093,Grocery,Western,DIST_W_03,6.965572,79.990234,0,2026-06-01T13:00:38.528115,outlet_master.csv,bc14b1bac19945f8f56165de01c88513
OUT_00094,Grocery,Central,DIST_C_01,7.239812,80.767108,0,2026-06-01T13:00:38.528115,outlet_master.csv,bc14b1bac19945f8f56165de01c88513
OUT_00095,Supermarket,Central,DIST_C_02,7.057764,80.756471,50,2026-06-01T13:00:38.528115,outlet_master.csv,bc14b1bac19945f8f56165de01c88513
OUT_00096,Supermarket,Central,DIST_C_03,7.131295,80.824279,200,2026-06-01T13:00:38.528115,outlet_master.csv,bc14b1bac19945f8f56165de01c88513
OUT_00097,Kade,North-Western,DIST_NW_01,7.658829,80.270635,200,2026-06-01T13:00:38.528115,outlet_master.csv,bc14b1bac19945f8f56165de01c88513
OUT_00098,Grocery,North-Western,DIST_NW_02,7.797047,80.031501,0,2026-06-01T13:00:38.528115,outlet_master.csv,bc14b1bac19945f8f56165de01c88513
OUT_00099,Grocery,Southern,DIST_S_01,5.964023,80.321522,50,2026-06-01T13:00:38.528115,outlet_master.csv,bc14b1bac19945f8f56165de01c88513
OUT_00100,Grocery,Southern,DIST_S_02,6.348394,80.579169,0,2026-06-01T13:00:38.528115,outlet_master.csv,bc14b1bac19945f8f56165de01c88513
OUT_00101,Grocery,Western,DIST_W_01,6.850681,79.919648,100,2026-06-01T13:00:38.528115,outlet_master.csv,bc14b1bac19945f8f56165de01c88513
OUT_00102,Grocery,Western,DIST_W_02,6.8619,79.941067,150,2026-06-01T13:00:38.528115,outlet_master.csv,bc14b1bac19945f8f56165de01c88513
OUT_00103,Grocery,Western,DIST_W_03,6.98837,79.87044,50,2026-06-01T13:00:38.528115,outlet_master.csv,bc14b1bac19945f8f56165de01c88513
OUT_00104,Kade,Central,DIST_C_01,7.262791,80.811891,100,2026-06-01T13:00:38.528115,outlet_master.csv,bc14b1bac19945f8f56165de01c88513
OUT_00105,Grocery,Central,DIST_C_02,7.178215,80.67912,50,2026-06-01T13:00:38.528115,outlet_master.csv,bc14b1bac19945f8f56165de01c88513
OUT_00106,Grocery,Central,DIST_C_03,7.221007,80.863322,50,2026-06-01T13:00:38.528115,outlet_master.csv,bc14b1bac19945f8f56165de01c88513
OUT_00107,Grocery,North-Western,DIST_NW_01,7.813047,79.996988,50,2026-06-01T13:00:38.528115,outlet_master.csv,bc14b1bac19945f8f56165de01c88513
OUT_00108,Kade,North-Western,DIST_NW_02,7.684579,80.030999,100,2026-06-01T13:00:38.528115,outlet_master.csv,bc14b1bac19945f8f56165de01c88513
OUT_00109,Kade,Southern,DIST_S_01,6.294586,80.598754,100,2026-06-01T13:00:38.528115,outlet_master.csv,bc14b1bac19945f8f56165de01c88513
OUT_00110,Eatery,Southern,DIST_S_02,6.11583,80.302064,100,2026-06-01T13:00:38.528115,outlet_master.csv,bc14b1bac19945f8f56165de01c88513
OUT_00111,Grocery,Western,DIST_W_01,6.906829,80.096629,0,2026-06-01T13:00:38.528115,outlet_master.csv,bc14b1bac19945f8f56165de01c88513
OUT_00112,Grocery,Western,DIST_W_02,6.873787,79.89017,150,2026-06-01T13:00:38.528115,outlet_master.csv,bc14b1bac19945f8f56165de01c88513
OUT_00113,Grocery,Western,DIST_W_03,6.82407,79.981128,50,2026-06-01T13:00:38.528115,outlet_master.csv,bc14b1bac19945f8f56165de01c88513
OUT_00114,Grocery,Central,DIST_C_01,7.336262,80.852927,100,2026-06-01T13:00:38.528115,outlet_master.csv,bc14b1bac19945f8f56165de01c88513
OUT_00115,Pharmacy,Central,DIST_C_02,7.318219,80.744867,0,2026-06-01T13:00:38.528115,outlet_master.csv,bc14b1bac19945f8f56165de01c88513
OUT_00116,Grocery,Central,DIST_C_03,7.045656,80.698903,100,2026-06-01T13:00:38.528115,outlet_master.csv,bc14b1bac19945f8f56165de01c88513
OUT_00117,Kade,North-Western,DIST_NW_01,7.715452,80.132495,0,2026-06-01T13:00:38.528115,outlet_master.csv,bc14b1bac19945f8f56165de01c88513
OUT_00118,Kade,North-Western,DIST_NW_02,7.734642,79.953766,150,2026-06-01T13:00:38.528115,outlet_master.csv,bc14b1bac19945f8f56165de01c88513
OUT_00119,Kade,Southern,DIST_S_01,6.02732,80.745202,50,2026-06-01T13:00:38.528115,outlet_master.csv,bc14b1bac19945f8f56165de01c88513
OUT_00120,Grocery,Southern,DIST_S_02,6.074434,80.943623,100,2026-06-01T13:00:38.528115,outlet_master.csv,bc14b1bac19945f8f56165de01c88513
OUT_00121,Kade,Western,DIST_W_01,7.081502,79.895308,150,2026-06-01T13:00:38.528115,outlet_master.csv,bc14b1bac19945f8f56165de01c88513
OUT_00122,Grocery,Western,DIST_W_02,6.841932,80.048817,150,2026-06-01T13:00:38.528115,outlet_master.csv,bc14b1bac19945f8f56165de01c88513
OUT_00123,Kade,Western,DIST_W_03,6.999559,79.980766,150,2026-06-01T13:00:38.528115,outlet_master.csv,bc14b1bac19945f8f56165de01c88513
OUT_00124,Eatery,Central,DIST_C_01,7.097611,80.681931,100,2026-06-01T13:00:38.528115,outlet_master.csv,bc14b1bac19945f8f56165de01c88513
OUT_00125,Supermarket,Central,DIST_C_02,7.004496,80.864851,100,2026-06-01T13:00:38.528115,outlet_master.csv,bc14b1bac19945f8f56165de01c88513
OUT_00126,Grocery,Central,DIST_C_03,6.952604,80.878941,150,2026-06-01T13:00:38.528115,outlet_master.csv,bc14b1bac19945f8f56165de01c88513
OUT_00127,Grocery,North-Western,DIST_NW_01,7.848029,80.113384,50,2026-06-01T13:00:38.528115,outlet_master.csv,bc14b1bac19945f8f56165de01c88513
OUT_00128,Pharmacy,North-Western,DIST_NW_02,7.699396,80.197579,150,2026-06-01T13:00:38.528115,outlet_master.csv,bc14b1bac19945f8f56165de01c88513
OUT_00129,Grocery,Southern,DIST_S_01,6.071041,80.857006,50,2026-06-01T13:00:38.528115,outlet_master.csv,bc14b1bac19945f8f56165de01c88513
OUT_00130,Eatery,Southern,DIST_S_02,6.298648,80.319934,100,2026-06-01T13:00:38.528115,outlet_master.csv,bc14b1bac19945f8f56165de01c88513
OUT_00131,Grocery,Western,DIST_W_01,7.008185,79.985681,200,2026-06-01T13:00:38.528115,outlet_master.csv,bc14b1bac19945f8f56165de01c88513
OUT_00132,Grocery,Western,DIST_W_02,6.975018,79.950213,100,2026-06-01T13:00:38.528115,outlet_master.csv,bc14b1bac19945f8f56165de01c88513
OUT_00133,Convenience,Western,DIST_W_03,,80.002864,100,2026-06-01T13:00:38.528115,outlet_master.csv,bc14b1bac19945f8f56165de01c88513
OUT_00134,Kade,Central,DIST_C_01,7.213493,80.872875,100,2026-06-01T13:00:38.528115,outlet_master.csv,bc14b1bac19945f8f56165de01c88513
OUT_00135,Kade,Central,DIST_C_02,7.090859,80.807755,0,2026-06-01T13:00:38.528115,outlet_master.csv,bc14b1bac19945f8f56165de01c88513
OUT_00136,Supermarket,Central,DIST_C_03,7.343179,80.843614,100,2026-06-01T13:00:38.528115,outlet_master.csv,bc14b1bac19945f8f56165de01c88513
OUT_00137,Pharmacy,North-Western,DIST_NW_01,7.83651,80.059601,0,2026-06-01T13:00:38.528115,outlet_master.csv,bc14b1bac19945f8f56165de01c88513
OUT_00138,Kade,North-Western,DIST_NW_02,7.7334,80.059267,50,2026-06-01T13:00:38.528115,outlet_master.csv,bc14b1bac19945f8f56165de01c88513
OUT_00139,Grocery,Southern,DIST_S_01,6.268751,80.561774,0,2026-06-01T13:00:38.528115,outlet_master.csv,bc14b1bac19945f8f56165de01c88513
OUT_00140,Kade,Southern,DIST_S_02,6.149184,80.53514,100,2026-06-01T13:00:38.528115,outlet_master.csv,bc14b1bac19945f8f56165de01c88513
OUT_00141,Grocery,Western,DIST_W_01,6.803928,80.015884,50,2026-06-01T13:00:38.528115,outlet_master.csv,bc14b1bac19945f8f56165de01c88513
OUT_00142,Grocery,Western,DIST_W_02,6.825605,80.099219,100,2026-06-01T13:00:38.528115,outlet_master.csv,bc14b1bac19945f8f56165de01c88513
OUT_00143,Grocery,Western,DIST_W_03,6.862972,80.074514,100,2026-06-01T13:00:38.528115,outlet_master.csv,bc14b1bac19945f8f56165de01c88513
OUT_00144,Kade,Central,DIST_C_01,7.154179,80.572998,50,2026-06-01T13:00:38.528115,outlet_master.csv,bc14b1bac19945f8f56165de01c88513
OUT_00145,Supermarket,Central,DIST_C_02,7.080343,80.745874,200,2026-06-01T13:00:38.528115,outlet_master.csv,bc14b1bac19945f8f56165de01c88513
OUT_00146,Grocery,Central,DIST_C_03,7.067989,80.644761,0,2026-06-01T13:00:38.528115,outlet_master.csv,bc14b1bac19945f8f56165de01c88513
OUT_00147,Grocery,North-Western,DIST_NW_01,,80.16357,100,2026-06-01T13:00:38.528115,outlet_master.csv,bc14b1bac19945f8f56165de01c88513
OUT_00148,Eatery,North-Western,DIST_NW_02,7.607884,79.941643,50,2026-06-01T13:00:38.528115,outlet_master.csv,bc14b1bac19945f8f56165de01c88513
OUT_00149,Supermarket,Southern,DIST_S_01,5.949721,80.394538,50,2026-06-01T13:00:38.528115,outlet_master.csv,bc14b1bac19945f8f56165de01c88513
OUT_00150,Grocery,Southern,DIST_S_02,6.234043,80.363987,0,2026-06-01T13:00:38.528115,outlet_master.csv,bc14b1bac19945f8f56165de01c88513
OUT_00151,Kade,Western,DIST_W_01,6.862366,79.856633,150,2026-06-01T13:00:38.528115,outlet_master.csv,bc14b1bac19945f8f56165de01c88513
OUT_00152,Kade,Western,DIST_W_02,7.045233,79.935454,50,2026-06-01T13:00:38.528115,outlet_master.csv,bc14b1bac19945f8f56165de01c88513
OUT_00153,Grocery,Western,DIST_W_03,6.987245,79.952353,200,2026-06-01T13:00:38.528115,outlet_master.csv,bc14b1bac19945f8f56165de01c88513
OUT_00154,Supermarket,Central,DIST_C_01,7.243623,80.59904,150,2026-06-01T13:00:38.528115,outlet_master.csv,bc14b1bac19945f8f56165de01c88513
OUT_00155,Eatery,Central,DIST_C_02,7.091346,80.557864,50,2026-06-01T13:00:38.528115,outlet_master.csv,bc14b1bac19945f8f56165de01c88513
OUT_00156,Grocery,Central,DIST_C_03,6.96271,80.842226,50,2026-06-01T13:00:38.528115,outlet_master.csv,bc14b1bac19945f8f56165de01c88513
OUT_00157,Grocery,North-Western,DIST_NW_01,7.607356,80.26572,100,2026-06-01T13:00:38.528115,outlet_master.csv,bc14b1bac19945f8f56165de01c88513
OUT_00158,Grocery,north-western,DIST_NW_02,7.860568,80.231897,200,2026-06-01T13:00:38.528115,outlet_master.csv,bc14b1bac19945f8f56165de01c88513
OUT_00159,Grocery,Southern,DIST_S_01,6.336945,80.67793,200,2026-06-01T13:00:38.528115,outlet_master.csv,bc14b1bac19945f8f56165de01c88513
OUT_00160,Grocery,Southern,DIST_S_02,6.109385,80.506511,100,2026-06-01T13:00:38.528115,outlet_master.csv,bc14b1bac19945f8f56165de01c88513
OUT_00161,Grocery,Western,DIST_W_01,6.82484,80.000788,50,2026-06-01T13:00:38.528115,outlet_master.csv,bc14b1bac19945f8f56165de01c88513
OUT_00162,Eatery,Western,DIST_W_02,7.015714,79.92428,200,2026-06-01T13:00:38.528115,outlet_master.csv,bc14b1bac19945f8f56165de01c88513
OUT_00163,Kade,Western,DIST_W_03,7.019772,79.903735,0,2026-06-01T13:00:38.528115,outlet_master.csv,bc14b1bac19945f8f56165de01c88513
OUT_00164,Grocery,Central,DIST_C_01,7.123365,80.758895,0,2026-06-01T13:00:38.528115,outlet_master.csv,bc14b1bac19945f8f56165de01c88513
OUT_00165,Grocery,Central,DIST_C_02,7.227685,80.723422,150,2026-06-01T13:00:38.528115,outlet_master.csv,bc14b1bac19945f8f56165de01c88513
OUT_00166,Kade,Central,DIST_C_03,7.259737,80.793144,0,2026-06-01T13:00:38.528115,outlet_master.csv,bc14b1bac19945f8f56165de01c88513
OUT_00167,Grocery,North-Western,DIST_NW_01,7.966925,79.954727,100,2026-06-01T13:00:38.528115,outlet_master.csv,bc14b1bac19945f8f56165de01c88513
OUT_00168,Eatery,North-Western,DIST_NW_02,7.949178,80.19289,150,2026-06-01T13:00:38.528115,outlet_master.csv,bc14b1bac19945f8f56165de01c88513
OUT_00169,Convenience,Southern,DIST_S_01,6.024834,80.59154,0,2026-06-01T13:00:38.528115,outlet_master.csv,bc14b1bac19945f8f56165de01c88513
OUT_00170,Supermarket,Southern,DIST_S_02,6.252788,80.940199,0,2026-06-01T13:00:38.528115,outlet_master.csv,bc14b1bac19945f8f56165de01c88513
OUT_00171,Convenience,Western,DIST_W_01,7.009226,79.924337,100,2026-06-01T13:00:38.528115,outlet_master.csv,bc14b1bac19945f8f56165de01c88513
OUT_00172,Grocery,Western,DIST_W_02,7.058613,80.061137,100,2026-06-01T13:00:38.528115,outlet_master.csv,bc14b1bac19945f8f56165de01c88513
OUT_00173,Kade,Western,DIST_W_03,6.869003,79.880142,100,2026-06-01T13:00:38.528115,outlet_master.csv,bc14b1bac19945f8f56165de01c88513
OUT_00174,Kade,Central,DIST_C_01,6.92941,80.660352,100,2026-06-01T13:00:38.528115,outlet_master.csv,bc14b1bac19945f8f56165de01c88513
OUT_00175,Supermarket,Central,DIST_C_02,7.29869,80.765552,0,2026-06-01T13:00:38.528115,outlet_master.csv,bc14b1bac19945f8f56165de01c88513
OUT_00176,Convenience,Central,DIST_C_03,7.293616,80.735128,50,2026-06-01T13:00:38.528115,outlet_master.csv,bc14b1bac19945f8f56165de01c88513
OUT_00177,Supermarket,North-Western,DIST_NW_01,7.906875,80.060772,200,2026-06-01T13:00:38.528115,outlet_master.csv,bc14b1bac19945f8f56165de01c88513
OUT_00178,Grocery,North-Western,DIST_NW_02,7.907309,80.067107,0,2026-06-01T13:00:38.528115,outlet_master.csv,bc14b1bac19945f8f56165de01c88513
OUT_00179,Grocery,Southern,DIST_S_01,6.077311,80.429791,0,2026-06-01T13:00:38.528115,outlet_master.csv,bc14b1bac19945f8f56165de01c88513
OUT_00180,Grocery,Southern,DIST_S_02,6.393861,80.542219,200,2026-06-01T13:00:38.528115,outlet_master.csv,bc14b1bac19945f8f56165de01c88513
OUT_00181,Convenience,Western,DIST_W_01,7.035904,79.872353,100,2026-06-01T13:00:38.528115,outlet_master.csv,bc14b1bac19945f8f56165de01c88513
OUT_00182,Convenience,Western,DIST_W_02,6.984023,79.891758,100,2026-06-01T13:00:38.528115,outlet_master.csv,bc14b1bac19945f8f56165de01c88513
OUT_00183,Grocery,Western,DIST_W_03,6.982321,79.978172,0,2026-06-01T13:00:38.528115,outlet_master.csv,bc14b1bac19945f8f56165de01c88513
OUT_00184,Supermarket,Central,DIST_C_01,7.250813,80.672544,200,2026-06-01T13:00:38.528115,outlet_master.csv,bc14b1bac19945f8f56165de01c88513
OUT_00185,Eatery,Central,DIST_C_02,7.347709,80.610863,0,2026-06-01T13:00:38.528115,outlet_master.csv,bc14b1bac19945f8f56165de01c88513
OUT_00186,Kade,Central,DIST_C_03,7.267125,80.628554,100,2026-06-01T13:00:38.528115,outlet_master.csv,bc14b1bac19945f8f56165de01c88513
OUT_00187,Supermarket,North-Western,DIST_NW_01,7.636595,80.250984,200,2026-06-01T13:00:38.528115,outlet_master.csv,bc14b1bac19945f8f56165de01c88513
OUT_00188,Grocery,North-Western,DIST_NW_02,7.944851,80.223806,50,2026-06-01T13:00:38.528115,outlet_master.csv,bc14b1bac19945f8f56165de01c88513
OUT_00189,Grocery,Southern,DIST_S_01,6.086344,80.407803,50,2026-06-01T13:00:38.528115,outlet_master.csv,bc14b1bac19945f8f56165de01c88513
OUT_00190,Kade,Southern,DIST_S_02,6.241629,80.260905,100,2026-06-01T13:00:38.528115,outlet_master.csv,bc14b1bac19945f8f56165de01c88513
OUT_00191,Grocery,Western,DIST_W_01,7.047404,79.936952,150,2026-06-01T13:00:38.528115,outlet_master.csv,bc14b1bac19945f8f56165de01c88513
OUT_00192,Eatery,Western,DIST_W_02,7.039228,80.014613,150,2026-06-01T13:00:38.528115,outlet_master.csv,bc14b1bac19945f8f56165de01c88513
OUT_00193,Grocery,Western,DIST_W_03,7.009241,80.020035,150,2026-06-01T13:00:38.528115,outlet_master.csv,bc14b1bac19945f8f56165de01c88513
OUT_00194,Kade,Central,DIST_C_01,7.29233,80.560237,100,2026-06-01T13:00:38.528115,outlet_master.csv,bc14b1bac19945f8f56165de01c88513
OUT_00195,Grocery,Central,DIST_C_02,6.972342,80.836288,50,2026-06-01T13:00:38.528115,outlet_master.csv,bc14b1bac19945f8f56165de01c88513
OUT_00196,Eatery,Central,DIST_C_03,7.177617,80.893415,100,2026-06-01T13:00:38.528115,outlet_master.csv,bc14b1bac19945f8f56165de01c88513
OUT_00197,Convenience,North-Western,DIST_NW_01,7.911938,79.942792,50,2026-06-01T13:00:38.528115,outlet_master.csv,bc14b1bac19945f8f56165de01c88513
OUT_00198,Eatery,North-Western,DIST_NW_02,7.853049,80.272811,0,2026-06-01T13:00:38.528115,outlet_master.csv,bc14b1bac19945f8f56165de01c88513
OUT_00199,Kade,Southern,DIST_S_01,6.050482,80.766538,100,2026-06-01T13:00:38.528115,outlet_master.csv,bc14b1bac19945f8f56165de01c88513
OUT_00200,Eatery,Southern,DIST_S_02,5.922871,80.897229,0,2026-06-01T13:00:38.528115,outlet_master.csv,bc14b1bac19945f8f56165de01c88513
OUT_00201,Kade,Western,DIST_W_01,,79.856147,150,2026-06-01T13:00:38.528115,outlet_master.csv,bc14b1bac19945f8f56165de01c88513
OUT_00202,Kade,Western,DIST_W_02,7.004989,79.961476,100,2026-06-01T13:00:38.528115,outlet_master.csv,bc14b1bac19945f8f56165de01c88513
OUT_00203,Grocery,Western,DIST_W_03,6.849087,80.048702,100,2026-06-01T13:00:38.528115,outlet_master.csv,bc14b1bac19945f8f56165de01c88513
OUT_00204,Kade,Central,DIST_C_01,7.19453,80.645641,200,2026-06-01T13:00:38.528115,outlet_master.csv,bc14b1bac19945f8f56165de01c88513
OUT_00205,Convenience,Central,DIST_C_02,7.088877,80.773484,50,2026-06-01T13:00:38.528115,outlet_master.csv,bc14b1bac19945f8f56165de01c88513
OUT_00206,Eatery,Central,DIST_C_03,7.302345,80.630484,50,2026-06-01T13:00:38.528115,outlet_master.csv,bc14b1bac19945f8f56165de01c88513
OUT_00207,Supermarket,North-Western,DIST_NW_01,7.945743,80.089284,150,2026-06-01T13:00:38.528115,outlet_master.csv,bc14b1bac19945f8f56165de01c88513
OUT_00208,Grocery,North-Western,DIST_NW_02,7.908369,80.237913,0,2026-06-01T13:00:38.528115,outlet_master.csv,bc14b1bac19945f8f56165de01c88513
OUT_00209,Grocery,Southern,DIST_S_01,6.360424,80.69332,0,2026-06-01T13:00:38.528115,outlet_master.csv,bc14b1bac19945f8f56165de01c88513
OUT_00210,Grocery,Southern,DIST_S_02,6.242783,80.544245,100,2026-06-01T13:00:38.528115,outlet_master.csv,bc14b1bac19945f8f56165de01c88513
OUT_00211,Grocery,Western,DIST_W_01,6.880698,80.04939,0,2026-06-01T13:00:38.528115,outlet_master.csv,bc14b1bac19945f8f56165de01c88513
OUT_00212,Eatery,Western,DIST_W_02,6.917748,79.969985,150,2026-06-01T13:00:38.528115,outlet_master.csv,bc14b1bac19945f8f56165de01c88513
OUT_00213,Grocery,Western,DIST_W_03,7.033955,79.859905,200,2026-06-01T13:00:38.528115,outlet_master.csv,bc14b1bac19945f8f56165de01c88513
OUT_00214,Kade,Central,DIST_C_01,6.964123,80.724611,0,2026-06-01T13:00:38.528115,outlet_master.csv,bc14b1bac19945f8f56165de01c88513
OUT_00215,Grocery,Central,DIST_C_02,7.046908,80.731199,0,2026-06-01T13:00:38.528115,outlet_master.csv,bc14b1bac19945f8f56165de01c88513
OUT_00216,Pharmacy,Central,DIST_C_03,7.078615,80.596451,50,2026-06-01T13:00:38.528115,outlet_master.csv,bc14b1bac19945f8f56165de01c88513
OUT_00217,Grocery,North-Western,DIST_NW_01,7.666993,79.941827,200,2026-06-01T13:00:38.528115,outlet_master.csv,bc14b1bac19945f8f56165de01c88513
OUT_00218,Eatery,North-Western,DIST_NW_02,7.620789,80.116519,150,2026-06-01T13:00:38.528115,outlet_master.csv,bc14b1bac19945f8f56165de01c88513
OUT_00219,Kade,Southern,DIST_S_01,6.069725,80.85186,150,2026-06-01T13:00:38.528115,outlet_master.csv,bc14b1bac19945f8f56165de01c88513
OUT_00220,Grocery,Southern,DIST_S_02,6.126159,80.714862,0,2026-06-01T13:00:38.528115,outlet_master.csv,bc14b1bac19945f8f56165de01c88513
OUT_00221,Convenience,Western,DIST_W_01,6.874131,79.889886,50,2026-06-01T13:00:38.528115,outlet_master.csv,bc14b1bac19945f8f56165de01c88513
OUT_00222,Kade,Western,DIST_W_02,6.854635,80.047425,100,2026-06-01T13:00:38.528115,outlet_master.csv,bc14b1bac19945f8f56165de01c88513
OUT_00223,Grocery,Western,DIST_W_03,6.868536,80.099083,100,2026-06-01T13:00:38.528115,outlet_master.csv,bc14b1bac19945f8f56165de01c88513
OUT_00224,Supermarket,Central,DIST_C_01,6.932489,80.560728,100,2026-06-01T13:00:38.528115,outlet_master.csv,bc14b1bac19945f8f56165de01c88513
OUT_00225,Convenience,Central,DIST_C_02,7.234218,80.698923,0,2026-06-01T13:00:38.528115,outlet_master.csv,bc14b1bac19945f8f56165de01c88513
OUT_00226,Kade,Central,DIST_C_03,7.290164,80.752536,150,2026-06-01T13:00:38.528115,outlet_master.csv,bc14b1bac19945f8f56165de01c88513
OUT_00227,Supermarket,North-Western,DIST_NW_01,7.960281,80.068688,50,2026-06-01T13:00:38.528115,outlet_master.csv,bc14b1bac19945f8f56165de01c88513
OUT_00228,Eatery,North-Western,DIST_NW_02,7.849187,80.152624,200,2026-06-01T13:00:38.528115,outlet_master.csv,bc14b1bac19945f8f56165de01c88513
OUT_00229,Supermarket,Southern,DIST_S_01,5.989842,80.390035,100,2026-06-01T13:00:38.528115,outlet_master.csv,bc14b1bac19945f8f56165de01c88513
OUT_00230,Kade,Southern,DIST_S_02,6.023616,80.8966,100,2026-06-01T13:00:38.528115,outlet_master.csv,bc14b1bac19945f8f56165de01c88513
OUT_00231,Eatery,Western,DIST_W_01,6.849057,79.94777,50,2026-06-01T13:00:38.528115,outlet_master.csv,bc14b1bac19945f8f56165de01c88513
OUT_00232,Grocery,Western,DIST_W_02,7.032042,79.882718,0,2026-06-01T13:00:38.528115,outlet_master.csv,bc14b1bac19945f8f56165de01c88513
OUT_00233,Kade,Western,DIST_W_03,6.850927,79.979943,50,2026-06-01T13:00:38.528115,outlet_master.csv,bc14b1bac19945f8f56165de01c88513
OUT_00234,Grocery,Central,DIST_C_01,7.177715,80.797372,100,2026-06-01T13:00:38.528115,outlet_master.csv,bc14b1bac19945f8f56165de01c88513
OUT_00235,Kade,Central,DIST_C_02,7.198712,80.716121,150,2026-06-01T13:00:38.528115,outlet_master.csv,bc14b1bac19945f8f56165de01c88513
OUT_00236,Kade,Central,DIST_C_03,6.992629,80.589172,200,2026-06-01T13:00:38.528115,outlet_master.csv,bc14b1bac19945f8f56165de01c88513
OUT_00237,Kade,North-Western,DIST_NW_01,7.615737,79.948844,100,2026-06-01T13:00:38.528115,outlet_master.csv,bc14b1bac19945f8f56165de01c88513
OUT_00238,Grocery,North-Western,DIST_NW_02,7.616629,79.959337,200,2026-06-01T13:00:38.528115,outlet_master.csv,bc14b1bac19945f8f56165de01c88513
OUT_00239,Kade,Southern,DIST_S_01,6.21956,80.894335,100,2026-06-01T13:00:38.528115,outlet_master.csv,bc14b1bac19945f8f56165de01c88513
OUT_00240,Grocery,Southern,DIST_S_02,5.969826,80.223979,100,2026-06-01T13:00:38.528115,outlet_master.csv,bc14b1bac19945f8f56165de01c88513
OUT_00241,Supermarket,Western,DIST_W_01,7.090974,79.873475,0,2026-06-01T13:00:38.528115,outlet_master.csv,bc14b1bac19945f8f56165de01c88513
OUT_00242,Kade,Western,DIST_W_02,7.007788,80.059529,100,2026-06-01T13:00:38.528115,outlet_master.csv,bc14b1bac19945f8f56165de01c88513
OUT_00243,Eatery,Western,DIST_W_03,7.060671,79.992652,100,2026-06-01T13:00:38.528115,outlet_master.csv,bc14b1bac19945f8f56165de01c88513
OUT_00244,Grocery,Central,DIST_C_01,6.997054,80.78061,100,2026-06-01T13:00:38.528115,outlet_master.csv,bc14b1bac19945f8f56165de01c88513
OUT_00245,Supermarket,Central,DIST_C_02,7.349736,80.566874,150,2026-06-01T13:00:38.528115,outlet_master.csv,bc14b1bac19945f8f56165de01c88513
OUT_00246,Kade,Central,DIST_C_03,7.155157,80.808457,100,2026-06-01T13:00:38.528115,outlet_master.csv,bc14b1bac19945f8f56165de01c88513
OUT_00247,Pharmacy,North-Western,DIST_NW_01,7.923138,80.204914,0,2026-06-01T13:00:38.528115,outlet_master.csv,bc14b1bac19945f8f56165de01c88513
OUT_00248,Kade,North-Western,DIST_NW_02,7.817796,79.902303,100,2026-06-01T13:00:38.528115,outlet_master.csv,bc14b1bac19945f8f56165de01c88513
OUT_00249,Grocery,Southern,DIST_S_01,6.094279,80.558955,0,2026-06-01T13:00:38.528115,outlet_master.csv,bc14b1bac19945f8f56165de01c88513
OUT_00250,Kade,Southern,DIST_S_02,6.201724,80.73457,150,2026-06-01T13:00:38.528115,outlet_master.csv,bc14b1bac19945f8f56165de01c88513
OUT_00251,Kade,Western,DIST_W_01,,79.969795,50,2026-06-01T13:00:38.528115,outlet_master.csv,bc14b1bac19945f8f56165de01c88513
OUT_00252,Pharmacy,Western,DIST_W_02,6.974052,79.983401,100,2026-06-01T13:00:38.528115,outlet_master.csv,bc14b1bac19945f8f56165de01c88513
OUT_00253,Eatery,western,DIST_W_03,7.086657,79.854558,150,2026-06-01T13:00:38.528115,outlet_master.csv,bc14b1bac19945f8f56165de01c88513
OUT_00254,Kade,Central,DIST_C_01,7.009567,80.874462,0,2026-06-01T13:00:38.528115,outlet_master.csv,bc14b1bac19945f8f56165de01c88513
OUT_00255,Pharmacy,Central,DIST_C_02,7.118642,80.639872,100,2026-06-01T13:00:38.528115,outlet_master.csv,bc14b1bac19945f8f56165de01c88513
OUT_00256,Kade,Central,DIST_C_03,7.040088,80.763617,0,2026-06-01T13:00:38.528115,outlet_master.csv,bc14b1bac19945f8f56165de01c88513
OUT_00257,Eatery,North-Western,DIST_NW_01,7.67246,80.172447,0,2026-06-01T13:00:38.528115,outlet_master.csv,bc14b1bac19945f8f56165de01c88513
OUT_00258,Pharmacy,North-Western,DIST_NW_02,7.826925,80.002625,100,2026-06-01T13:00:38.528115,outlet_master.csv,bc14b1bac19945f8f56165de01c88513
OUT_00259,Pharmacy,Southern,DIST_S_01,5.921706,80.706521,150,2026-06-01T13:00:38.528115,outlet_master.csv,bc14b1bac19945f8f56165de01c88513
OUT_00260,Supermarket,Southern,DIST_S_02,6.01404,80.369636,200,2026-06-01T13:00:38.528115,outlet_master.csv,bc14b1bac19945f8f56165de01c88513
OUT_00261,Pharmacy,Western,DIST_W_01,6.906026,79.909218,50,2026-06-01T13:00:38.528115,outlet_master.csv,bc14b1bac19945f8f56165de01c88513
OUT_00262,Kade,Western,DIST_W_02,7.000265,79.873884,0,2026-06-01T13:00:38.528115,outlet_master.csv,bc14b1bac19945f8f56165de01c88513
OUT_00263,Grocery,Western,DIST_W_03,7.021062,80.065699,100,2026-06-01T13:00:38.528115,outlet_master.csv,bc14b1bac19945f8f56165de01c88513
OUT_00264,Kade,Central,DIST_C_01,7.173192,80.741344,100,2026-06-01T13:00:38.528115,outlet_master.csv,bc14b1bac19945f8f56165de01c88513
OUT_00265,Kade,Central,DIST_C_02,7.344503,80.597754,100,2026-06-01T13:00:38.528115,outlet_master.csv,bc14b1bac19945f8f56165de01c88513
OUT_00266,Eatery,Central,DIST_C_03,7.211596,80.89694,100,2026-06-01T13:00:38.528115,outlet_master.csv,bc14b1bac19945f8f56165de01c88513
OUT_00267,Grocery,North-Western,DIST_NW_01,7.709664,79.931768,50,2026-06-01T13:00:38.528115,outlet_master.csv,bc14b1bac19945f8f56165de01c88513
OUT_00268,Grocery,North-Western,DIST_NW_02,7.690663,80.041999,150,2026-06-01T13:00:38.528115,outlet_master.csv,bc14b1bac19945f8f56165de01c88513
OUT_00269,Kade,Southern,DIST_S_01,6.016856,80.63201,50,2026-06-01T13:00:38.528115,outlet_master.csv,bc14b1bac19945f8f56165de01c88513
OUT_00270,Kade,Southern,DIST_S_02,6.066501,80.73559,100,2026-06-01T13:00:38.528115,outlet_master.csv,bc14b1bac19945f8f56165de01c88513
OUT_00271,Grocery,Western,DIST_W_01,6.939562,79.865036,100,2026-06-01T13:00:38.528115,outlet_master.csv,bc14b1bac19945f8f56165de01c88513
OUT_00272,Pharmacy,Western,DIST_W_02,6.86028,79.983957,50,2026-06-01T13:00:38.528115,outlet_master.csv,bc14b1bac19945f8f56165de01c88513
OUT_00273,Kade,Western,DIST_W_03,6.999474,80.048862,0,2026-06-01T13:00:38.528115,outlet_master.csv,bc14b1bac19945f8f56165de01c88513
OUT_00274,Kade,Central,DIST_C_01,7.346618,80.87445,100,2026-06-01T13:00:38.528115,outlet_master.csv,bc14b1bac19945f8f56165de01c88513
OUT_00275,Pharmacy,Central,DIST_C_02,6.940106,80.814345,100,2026-06-01T13:00:38.528115,outlet_master.csv,bc14b1bac19945f8f56165de01c88513
OUT_00276,Grocery,Central,DIST_C_03,6.916272,80.656095,200,2026-06-01T13:00:38.528115,outlet_master.csv,bc14b1bac19945f8f56165de01c88513
OUT_00277,Eatery,North-Western,DIST_NW_01,7.821521,80.02221,100,2026-06-01T13:00:38.528115,outlet_master.csv,bc14b1bac19945f8f56165de01c88513
OUT_00278,Grocery,North-Western,DIST_NW_02,7.967757,80.098785,200,2026-06-01T13:00:38.528115,outlet_master.csv,bc14b1bac19945f8f56165de01c88513
OUT_00279,Supermarket,Southern,DIST_S_01,5.958183,80.85396,150,2026-06-01T13:00:38.528115,outlet_master.csv,bc14b1bac19945f8f56165de01c88513
OUT_00280,Grocery,Southern,DIST_S_02,6.295015,80.443743,100,2026-06-01T13:00:38.528115,outlet_master.csv,bc14b1bac19945f8f56165de01c88513
OUT_00281,Grocery,Western,DIST_W_01,6.90383,80.093903,150,2026-06-01T13:00:38.528115,outlet_master.csv,bc14b1bac19945f8f56165de01c88513
OUT_00282,Grocery,Western,DIST_W_02,7.076827,79.971765,100,2026-06-01T13:00:38.528115,outlet_master.csv,bc14b1bac19945f8f56165de01c88513
OUT_00283,Grocery,Western,DIST_W_03,6.919599,79.886593,0,2026-06-01T13:00:38.528115,outlet_master.csv,bc14b1bac19945f8f56165de01c88513
OUT_00284,Kade,Central,DIST_C_01,7.333402,80.742335,100,2026-06-01T13:00:38.528115,outlet_master.csv,bc14b1bac19945f8f56165de01c88513
OUT_00285,Eatery,Central,DIST_C_02,7.09778,80.586983,100,2026-06-01T13:00:38.528115,outlet_master.csv,bc14b1bac19945f8f56165de01c88513
OUT_00286,Grocery,Central,DIST_C_03,6.968411,80.571472,200,2026-06-01T13:00:38.528115,outlet_master.csv,bc14b1bac19945f8f56165de01c88513
OUT_00287,Grocery,North-Western,DIST_NW_01,7.623112,80.178014,0,2026-06-01T13:00:38.528115,outlet_master.csv,bc14b1bac19945f8f56165de01c88513
OUT_00288,Kade,North-Western,DIST_NW_02,7.72131,79.940418,200,2026-06-01T13:00:38.528115,outlet_master.csv,bc14b1bac19945f8f56165de01c88513
OUT_00289,Kade,Southern,DIST_S_01,6.306985,80.692176,50,2026-06-01T13:00:38.528115,outlet_master.csv,bc14b1bac19945f8f56165de01c88513
OUT_00290,Kade,Southern,DIST_S_02,5.965355,80.909283,50,2026-06-01T13:00:38.528115,outlet_master.csv,bc14b1bac19945f8f56165de01c88513
OUT_00291,Kade,western,DIST_W_01,7.048261,80.033404,100,2026-06-01T13:00:38.528115,outlet_master.csv,bc14b1bac19945f8f56165de01c88513
OUT_00292,Kade,Western,DIST_W_02,6.805758,79.914953,50,2026-06-01T13:00:38.528115,outlet_master.csv,bc14b1bac19945f8f56165de01c88513
OUT_00293,Convenience,Western,DIST_W_03,6.803636,79.9103,100,2026-06-01T13:00:38.528115,outlet_master.csv,bc14b1bac19945f8f56165de01c88513
OUT_00294,Grocery,Central,DIST_C_01,6.949381,80.741786,100,2026-06-01T13:00:38.528115,outlet_master.csv,bc14b1bac19945f8f56165de01c88513
OUT_00295,Kade,Central,DIST_C_02,6.967522,80.663637,50,2026-06-01T13:00:38.528115,outlet_master.csv,bc14b1bac19945f8f56165de01c88513
OUT_00296,Pharmacy,Central,DIST_C_03,7.106751,80.824756,50,2026-06-01T13:00:38.528115,outlet_master.csv,bc14b1bac19945f8f56165de01c88513
OUT_00297,Grocery,North-Western,DIST_NW_01,7.875254,80.075041,200,2026-06-01T13:00:38.528115,outlet_master.csv,bc14b1bac19945f8f56165de01c88513
OUT_00298,Eatery,North-Western,DIST_NW_02,7.784591,80.154881,100,2026-06-01T13:00:38.528115,outlet_master.csv,bc14b1bac19945f8f56165de01c88513
OUT_00299,Kade,Southern,DIST_S_01,5.933326,80.614726,100,2026-06-01T13:00:38.528115,outlet_master.csv,bc14b1bac19945f8f56165de01c88513
OUT_00300,Grocery,Southern,DIST_S_02,5.920836,80.267834,0,2026-06-01T13:00:38.528115,outlet_master.csv,bc14b1bac19945f8f56165de01c88513
OUT_00301,Kade,Western,DIST_W_01,7.08695,80.034377,150,2026-06-01T13:00:38.528115,outlet_master.csv,bc14b1bac19945f8f56165de01c88513
OUT_00302,Eatery,Western,DIST_W_02,6.998411,79.896299,150,2026-06-01T13:00:38.528115,outlet_master.csv,bc14b1bac19945f8f56165de01c88513
OUT_00303,Grocery,Western,DIST_W_03,6.879514,79.855236,150,2026-06-01T13:00:38.528115,outlet_master.csv,bc14b1bac19945f8f56165de01c88513
OUT_00304,Eatery,Central,DIST_C_01,7.181099,80.683679,150,2026-06-01T13:00:38.528115,outlet_master.csv,bc14b1bac19945f8f56165de01c88513
OUT_00305,Pharmacy,Central,DIST_C_02,7.189757,80.735606,50,2026-06-01T13:00:38.528115,outlet_master.csv,bc14b1bac19945f8f56165de01c88513
OUT_00306,Pharmacy,Central,DIST_C_03,7.340987,80.760659,100,2026-06-01T13:00:38.528115,outlet_master.csv,bc14b1bac19945f8f56165de01c88513
OUT_00307,Kade,North-Western,DIST_NW_01,7.651238,80.035307,50,2026-06-01T13:00:38.528115,outlet_master.csv,bc14b1bac19945f8f56165de01c88513
OUT_00308,Grocery,North-Western,DIST_NW_02,7.775762,80.145176,0,2026-06-01T13:00:38.528115,outlet_master.csv,bc14b1bac19945f8f56165de01c88513
OUT_00309,Supermarket,Southern,DIST_S_01,6.343462,80.716649,150,2026-06-01T13:00:38.528115,outlet_master.csv,bc14b1bac19945f8f56165de01c88513
OUT_00310,Supermarket,Southern,DIST_S_02,6.359463,80.401793,100,2026-06-01T13:00:38.528115,outlet_master.csv,bc14b1bac19945f8f56165de01c88513
OUT_00311,Convenience,Western,DIST_W_01,7.032934,80.01404,200,2026-06-01T13:00:38.528115,outlet_master.csv,bc14b1bac19945f8f56165de01c88513
OUT_00312,Pharmacy,Western,DIST_W_02,6.812952,79.891204,50,2026-06-01T13:00:38.528115,outlet_master.csv,bc14b1bac19945f8f56165de01c88513
OUT_00313,Kade,Western,DIST_W_03,6.951756,80.060176,100,2026-06-01T13:00:38.528115,outlet_master.csv,bc14b1bac19945f8f56165de01c88513
OUT_00314,Eatery,Central,DIST_C_01,7.033897,80.747758,150,2026-06-01T13:00:38.528115,outlet_master.csv,bc14b1bac19945f8f56165de01c88513
OUT_00315,Eatery,Central,DIST_C_02,,80.711545,200,2026-06-01T13:00:38.528115,outlet_master.csv,bc14b1bac19945f8f56165de01c88513
OUT_00316,Kade,Central,DIST_C_03,6.94463,80.690523,100,2026-06-01T13:00:38.528115,outlet_master.csv,bc14b1bac19945f8f56165de01c88513
OUT_00317,Kade,North-Western,DIST_NW_01,7.846394,79.97521,0,2026-06-01T13:00:38.528115,outlet_master.csv,bc14b1bac19945f8f56165de01c88513
OUT_00318,Convenience,North-Western,DIST_NW_02,7.904396,79.914125,50,2026-06-01T13:00:38.528115,outlet_master.csv,bc14b1bac19945f8f56165de01c88513
OUT_00319,Convenience,Southern,DIST_S_01,6.063466,80.31911,50,2026-06-01T13:00:38.528115,outlet_master.csv,bc14b1bac19945f8f56165de01c88513
OUT_00320,Kade,Southern,DIST_S_02,6.124305,80.777657,50,2026-06-01T13:00:38.528115,outlet_master.csv,bc14b1bac19945f8f56165de01c88513
OUT_00321,Pharmacy,Western,DIST_W_01,7.008685,79.850805,0,2026-06-01T13:00:38.528115,outlet_master.csv,bc14b1bac19945f8f56165de01c88513
OUT_00322,Kade,Western,DIST_W_02,6.976461,79.970243,100,2026-06-01T13:00:38.528115,outlet_master.csv,bc14b1bac19945f8f56165de01c88513
OUT_00323,Grocery,Western,DIST_W_03,6.968198,80.000872,150,2026-06-01T13:00:38.528115,outlet_master.csv,bc14b1bac19945f8f56165de01c88513
OUT_00324,Pharmacy,Central,DIST_C_01,7.124215,80.57697,100,2026-06-01T13:00:38.528115,outlet_master.csv,bc14b1bac19945f8f56165de01c88513
OUT_00325,Kade,Central,DIST_C_02,7.254877,80.731044,50,2026-06-01T13:00:38.528115,outlet_master.csv,bc14b1bac19945f8f56165de01c88513
OUT_00326,Convenience,Central,DIST_C_03,6.93987,80.627214,200,2026-06-01T13:00:38.528115,outlet_master.csv,bc14b1bac19945f8f56165de01c88513
OUT_00327,Grocery,North-Western,DIST_NW_01,7.857026,80.068499,50,2026-06-01T13:00:38.528115,outlet_master.csv,bc14b1bac19945f8f56165de01c88513
OUT_00328,Grocery,North-Western,DIST_NW_02,7.935921,80.053533,50,2026-06-01T13:00:38.528115,outlet_master.csv,bc14b1bac19945f8f56165de01c88513
OUT_00329,Grocery,Southern,DIST_S_01,,80.220957,100,2026-06-01T13:00:38.528115,outlet_master.csv,bc14b1bac19945f8f56165de01c88513
OUT_00330,Supermarket,Southern,DIST_S_02,6.049363,80.952543,150,2026-06-01T13:00:38.528115,outlet_master.csv,bc14b1bac19945f8f56165de01c88513
OUT_00331,Grocery,Western,DIST_W_01,6.85583,80.050661,0,2026-06-01T13:00:38.528115,outlet_master.csv,bc14b1bac19945f8f56165de01c88513
OUT_00332,Pharmacy,Western,DIST_W_02,7.018382,79.974115,0,2026-06-01T13:00:38.528115,outlet_master.csv,bc14b1bac19945f8f56165de01c88513
OUT_00333,Convenience,Western,DIST_W_03,6.983068,79.883839,0,2026-06-01T13:00:38.528115,outlet_master.csv,bc14b1bac19945f8f56165de01c88513
OUT_00334,Supermarket,Central,DIST_C_01,6.925675,80.648765,50,2026-06-01T13:00:38.528115,outlet_master.csv,bc14b1bac19945f8f56165de01c88513
OUT_00335,Grocery,Central,DIST_C_02,7.022377,80.815789,100,2026-06-01T13:00:38.528115,outlet_master.csv,bc14b1bac19945f8f56165de01c88513
OUT_00336,Kade,Central,DIST_C_03,6.915126,80.571929,50,2026-06-01T13:00:38.528115,outlet_master.csv,bc14b1bac19945f8f56165de01c88513
OUT_00337,Convenience,North-Western,DIST_NW_01,,80.259933,100,2026-06-01T13:00:38.528115,outlet_master.csv,bc14b1bac19945f8f56165de01c88513
OUT_00338,Eatery,North-Western,DIST_NW_02,7.974729,79.920903,200,2026-06-01T13:00:38.528115,outlet_master.csv,bc14b1bac19945f8f56165de01c88513
OUT_00339,Kade,Southern,DIST_S_01,6.028265,80.72334,200,2026-06-01T13:00:38.528115,outlet_master.csv,bc14b1bac19945f8f56165de01c88513
OUT_00340,Grocery,Southern,DIST_S_02,6.204264,80.479605,50,2026-06-01T13:00:38.528115,outlet_master.csv,bc14b1bac19945f8f56165de01c88513
OUT_00341,Supermarket,Western,DIST_W_01,7.055185,79.990306,100,2026-06-01T13:00:38.528115,outlet_master.csv,bc14b1bac19945f8f56165de01c88513
OUT_00342,Kade,Western,DIST_W_02,6.820301,80.026959,100,2026-06-01T13:00:38.528115,outlet_master.csv,bc14b1bac19945f8f56165de01c88513
OUT_00343,Kade,Western,DIST_W_03,6.849732,80.086425,50,2026-06-01T13:00:38.528115,outlet_master.csv,bc14b1bac19945f8f56165de01c88513
OUT_00344,Pharmacy,Central,DIST_C_01,7.192938,80.740901,100,2026-06-01T13:00:38.528115,outlet_master.csv,bc14b1bac19945f8f56165de01c88513
OUT_00345,Grocery,Central,DIST_C_02,6.92338,80.825197,50,2026-06-01T13:00:38.528115,outlet_master.csv,bc14b1bac19945f8f56165de01c88513
OUT_00346,Supermarket,Central,DIST_C_03,7.240538,80.731785,150,2026-06-01T13:00:38.528115,outlet_master.csv,bc14b1bac19945f8f56165de01c88513
OUT_00347,Grocery,North-Western,DIST_NW_01,7.695518,80.080496,0,2026-06-01T13:00:38.528115,outlet_master.csv,bc14b1bac19945f8f56165de01c88513
OUT_00348,Grocery,North-Western,DIST_NW_02,7.785573,80.263688,100,2026-06-01T13:00:38.528115,outlet_master.csv,bc14b1bac19945f8f56165de01c88513
OUT_00349,Grocery,Southern,DIST_S_01,6.311052,80.504336,100,2026-06-01T13:00:38.528115,outlet_master.csv,bc14b1bac19945f8f56165de01c88513
OUT_00350,Pharmacy,Southern,DIST_S_02,6.043569,80.834284,50,2026-06-01T13:00:38.528115,outlet_master.csv,bc14b1bac19945f8f56165de01c88513
OUT_00351,Pharmacy,Western,DIST_W_01,7.074527,79.983257,50,2026-06-01T13:00:38.528115,outlet_master.csv,bc14b1bac19945f8f56165de01c88513
OUT_00352,Grocery,Western,DIST_W_02,7.057154,80.076536,50,2026-06-01T13:00:38.528115,outlet_master.csv,bc14b1bac19945f8f56165de01c88513
OUT_00353,Kade,Western,DIST_W_03,6.855267,80.073497,100,2026-06-01T13:00:38.528115,outlet_master.csv,bc14b1bac19945f8f56165de01c88513
OUT_00354,Convenience,Central,DIST_C_01,6.937559,80.858846,50,2026-06-01T13:00:38.528115,outlet_master.csv,bc14b1bac19945f8f56165de01c88513
OUT_00355,Supermarket,Central,DIST_C_02,7.34285,80.783772,50,2026-06-01T13:00:38.528115,outlet_master.csv,bc14b1bac19945f8f56165de01c88513
OUT_00356,Eatery,Central,DIST_C_03,6.973005,80.554413,150,2026-06-01T13:00:38.528115,outlet_master.csv,bc14b1bac19945f8f56165de01c88513
OUT_00357,Pharmacy,North-Western,DIST_NW_01,7.631763,80.192599,100,2026-06-01T13:00:38.528115,outlet_master.csv,bc14b1bac19945f8f56165de01c88513
OUT_00358,Kade,North-Western,DIST_NW_02,7.884097,80.02574,50,2026-06-01T13:00:38.528115,outlet_master.csv,bc14b1bac19945f8f56165de01c88513
OUT_00359,Eatery,Southern,DIST_S_01,6.147106,80.862599,150,2026-06-01T13:00:38.528115,outlet_master.csv,bc14b1bac19945f8f56165de01c88513
OUT_00360,Kade,Southern,DIST_S_02,5.950319,80.391899,100,2026-06-01T13:00:38.528115,outlet_master.csv,bc14b1bac19945f8f56165de01c88513
OUT_00361,Kade,Western,DIST_W_01,6.995344,80.005232,200,2026-06-01T13:00:38.528115,outlet_master.csv,bc14b1bac19945f8f56165de01c88513
OUT_00362,Eatery,Western,DIST_W_02,6.990243,79.881566,0,2026-06-01T13:00:38.528115,outlet_master.csv,bc14b1bac19945f8f56165de01c88513
OUT_00363,Grocery,Western,DIST_W_03,6.852464,80.063934,100,2026-06-01T13:00:38.528115,outlet_master.csv,bc14b1bac19945f8f56165de01c88513
OUT_00364,Grocery,Central,DIST_C_01,7.212368,80.729429,50,2026-06-01T13:00:38.528115,outlet_master.csv,bc14b1bac19945f8f56165de01c88513
OUT_00365,Pharmacy,Central,DIST_C_02,7.193923,80.878407,100,2026-06-01T13:00:38.528115,outlet_master.csv,bc14b1bac19945f8f56165de01c88513
OUT_00366,Grocery,Central,DIST_C_03,7.017129,80.867518,50,2026-06-01T13:00:38.528115,outlet_master.csv,bc14b1bac19945f8f56165de01c88513
OUT_00367,Convenience,North-Western,DIST_NW_01,7.784143,80.245825,0,2026-06-01T13:00:38.528115,outlet_master.csv,bc14b1bac19945f8f56165de01c88513
OUT_00368,Grocery,North-Western,DIST_NW_02,7.769019,79.91681,150,2026-06-01T13:00:38.528115,outlet_master.csv,bc14b1bac19945f8f56165de01c88513
OUT_00369,Grocery,Southern,DIST_S_01,6.046109,80.928616,200,2026-06-01T13:00:38.528115,outlet_master.csv,bc14b1bac19945f8f56165de01c88513
OUT_00370,Supermarket,Southern,DIST_S_02,6.263335,80.443801,0,2026-06-01T13:00:38.528115,outlet_master.csv,bc14b1bac19945f8f56165de01c88513
OUT_00371,Grocery,Western,DIST_W_01,7.011106,79.985175,100,2026-06-01T13:00:38.528115,outlet_master.csv,bc14b1bac19945f8f56165de01c88513
OUT_00372,Eatery,Western,DIST_W_02,6.89038,79.999589,0,2026-06-01T13:00:38.528115,outlet_master.csv,bc14b1bac19945f8f56165de01c88513
OUT_00373,Supermarket,Western,DIST_W_03,7.070868,80.063066,0,2026-06-01T13:00:38.528115,outlet_master.csv,bc14b1bac19945f8f56165de01c88513
OUT_00374,Kade,Central,DIST_C_01,6.935536,80.633829,200,2026-06-01T13:00:38.528115,outlet_master.csv,bc14b1bac19945f8f56165de01c88513
OUT_00375,Kade,Central,DIST_C_02,7.285063,80.732506,0,2026-06-01T13:00:38.528115,outlet_master.csv,bc14b1bac19945f8f56165de01c88513
OUT_00376,Supermarket,Central,DIST_C_03,6.942236,80.868369,100,2026-06-01T13:00:38.528115,outlet_master.csv,bc14b1bac19945f8f56165de01c88513
OUT_00377,Pharmacy,North-Western,DIST_NW_01,7.806979,80.072171,100,2026-06-01T13:00:38.528115,outlet_master.csv,bc14b1bac19945f8f56165de01c88513
OUT_00378,Kade,North-Western,DIST_NW_02,7.957009,80.077352,100,2026-06-01T13:00:38.528115,outlet_master.csv,bc14b1bac19945f8f56165de01c88513
OUT_00379,Kade,Southern,DIST_S_01,6.018717,80.609891,100,2026-06-01T13:00:38.528115,outlet_master.csv,bc14b1bac19945f8f56165de01c88513
OUT_00380,Eatery,Southern,DIST_S_02,6.375266,80.680521,0,2026-06-01T13:00:38.528115,outlet_master.csv,bc14b1bac19945f8f56165de01c88513
OUT_00381,Grocery,Western,DIST_W_01,6.876317,79.940463,50,2026-06-01T13:00:38.528115,outlet_master.csv,bc14b1bac19945f8f56165de01c88513
OUT_00382,Eatery,Western,DIST_W_02,7.09146,79.932837,50,2026-06-01T13:00:38.528115,outlet_master.csv,bc14b1bac19945f8f56165de01c88513
OUT_00383,Grocery,western,DIST_W_03,,79.979143,0,2026-06-01T13:00:38.528115,outlet_master.csv,bc14b1bac19945f8f56165de01c88513
OUT_00384,Kade,Central,DIST_C_01,6.948612,80.668601,50,2026-06-01T13:00:38.528115,outlet_master.csv,bc14b1bac19945f8f56165de01c88513
OUT_00385,Grocery,Central,DIST_C_02,7.319289,80.688955,50,2026-06-01T13:00:38.528115,outlet_master.csv,bc14b1bac19945f8f56165de01c88513
OUT_00386,Convenience,Central,DIST_C_03,7.128335,80.855978,0,2026-06-01T13:00:38.528115,outlet_master.csv,bc14b1bac19945f8f56165de01c88513
OUT_00387,Supermarket,North-Western,DIST_NW_01,7.709893,80.05783,100,2026-06-01T13:00:38.528115,outlet_master.csv,bc14b1bac19945f8f56165de01c88513
OUT_00388,Pharmacy,North-Western,DIST_NW_02,7.843162,80.023749,0,2026-06-01T13:00:38.528115,outlet_master.csv,bc14b1bac19945f8f56165de01c88513
OUT_00389,Eatery,Southern,DIST_S_01,6.218201,80.240908,100,2026-06-01T13:00:38.528115,outlet_master.csv,bc14b1bac19945f8f56165de01c88513
OUT_00390,Grocery,Southern,DIST_S_02,5.957244,80.507071,50,2026-06-01T13:00:38.528115,outlet_master.csv,bc14b1bac19945f8f56165de01c88513
OUT_00391,Convenience,Western,DIST_W_01,7.025353,79.867752,100,2026-06-01T13:00:38.528115,outlet_master.csv,bc14b1bac19945f8f56165de01c88513
OUT_00392,Eatery,western,DIST_W_02,7.003601,79.94048,200,2026-06-01T13:00:38.528115,outlet_master.csv,bc14b1bac19945f8f56165de01c88513
OUT_00393,Supermarket,Western,DIST_W_03,6.983772,80.068425,0,2026-06-01T13:00:38.528115,outlet_master.csv,bc14b1bac19945f8f56165de01c88513
OUT_00394,Grocery,Central,DIST_C_01,,80.599748,100,2026-06-01T13:00:38.528115,outlet_master.csv,bc14b1bac19945f8f56165de01c88513
OUT_00395,Kade,Central,DIST_C_02,7.15974,80.565309,100,2026-06-01T13:00:38.528115,outlet_master.csv,bc14b1bac19945f8f56165de01c88513
OUT_00396,Eatery,Central,DIST_C_03,7.193531,80.845962,50,2026-06-01T13:00:38.528115,outlet_master.csv,bc14b1bac19945f8f56165de01c88513
OUT_00397,Pharmacy,North-Western,DIST_NW_01,7.722525,80.215594,150,2026-06-01T13:00:38.528115,outlet_master.csv,bc14b1bac19945f8f56165de01c88513
OUT_00398,Kade,North-Western,DIST_NW_02,7.966654,80.072394,100,2026-06-01T13:00:38.528115,outlet_master.csv,bc14b1bac19945f8f56165de01c88513
OUT_00399,Kade,Southern,DIST_S_01,6.252793,80.750724,0,2026-06-01T13:00:38.528115,outlet_master.csv,bc14b1bac19945f8f56165de01c88513
OUT_00400,Eatery,Southern,DIST_S_02,6.345049,80.476702,100,2026-06-01T13:00:38.528115,outlet_master.csv,bc14b1bac19945f8f56165de01c88513
OUT_00401,Eatery,Western,DIST_W_01,6.902181,79.867928,100,2026-06-01T13:00:38.528115,outlet_master.csv,bc14b1bac19945f8f56165de01c88513
OUT_00402,Eatery,Western,DIST_W_02,6.909378,79.904473,0,2026-06-01T13:00:38.528115,outlet_master.csv,bc14b1bac19945f8f56165de01c88513
OUT_00403,Kade,Western,DIST_W_03,6.945677,79.856884,0,2026-06-01T13:00:38.528115,outlet_master.csv,bc14b1bac19945f8f56165de01c88513
OUT_00404,Pharmacy,Central,DIST_C_01,6.91393,80.685795,100,2026-06-01T13:00:38.528115,outlet_master.csv,bc14b1bac19945f8f56165de01c88513
OUT_00405,Kade,Central,DIST_C_02,7.03016,80.865029,150,2026-06-01T13:00:38.528115,outlet_master.csv,bc14b1bac19945f8f56165de01c88513
OUT_00406,Convenience,Central,DIST_C_03,7.171324,80.839348,50,2026-06-01T13:00:38.528115,outlet_master.csv,bc14b1bac19945f8f56165de01c88513
OUT_00407,Kade,North-Western,DIST_NW_01,7.754205,80.036155,100,2026-06-01T13:00:38.528115,outlet_master.csv,bc14b1bac19945f8f56165de01c88513
OUT_00408,Grocery,North-Western,DIST_NW_02,7.904761,80.23346,0,2026-06-01T13:00:38.528115,outlet_master.csv,bc14b1bac19945f8f56165de01c88513
OUT_00409,Kade,Southern,DIST_S_01,5.928824,80.473958,50,2026-06-01T13:00:38.528115,outlet_master.csv,bc14b1bac19945f8f56165de01c88513
OUT_00410,Kade,Southern,DIST_S_02,6.190234,80.311357,50,2026-06-01T13:00:38.528115,outlet_master.csv,bc14b1bac19945f8f56165de01c88513
OUT_00411,Eatery,Western,DIST_W_01,7.098155,80.070079,50,2026-06-01T13:00:38.528115,outlet_master.csv,bc14b1bac19945f8f56165de01c88513
OUT_00412,Grocery,Western,DIST_W_02,6.918541,79.859865,200,2026-06-01T13:00:38.528115,outlet_master.csv,bc14b1bac19945f8f56165de01c88513
OUT_00413,Grocery,Western,DIST_W_03,7.072836,80.030536,150,2026-06-01T13:00:38.528115,outlet_master.csv,bc14b1bac19945f8f56165de01c88513
OUT_00414,Convenience,Central,DIST_C_01,6.956169,80.827974,0,2026-06-01T13:00:38.528115,outlet_master.csv,bc14b1bac19945f8f56165de01c88513
OUT_00415,Kade,Central,DIST_C_02,7.108204,80.893346,50,2026-06-01T13:00:38.528115,outlet_master.csv,bc14b1bac19945f8f56165de01c88513
OUT_00416,Kade,Central,DIST_C_03,7.028603,80.621128,100,2026-06-01T13:00:38.528115,outlet_master.csv,bc14b1bac19945f8f56165de01c88513
OUT_00417,Pharmacy,North-Western,DIST_NW_01,7.830912,80.246231,150,2026-06-01T13:00:38.528115,outlet_master.csv,bc14b1bac19945f8f56165de01c88513
OUT_00418,Supermarket,North-Western,DIST_NW_02,7.829412,80.282419,50,2026-06-01T13:00:38.528115,outlet_master.csv,bc14b1bac19945f8f56165de01c88513
OUT_00419,Kade,Southern,DIST_S_01,6.323484,80.914472,100,2026-06-01T13:00:38.528115,outlet_master.csv,bc14b1bac19945f8f56165de01c88513
OUT_00420,Eatery,Southern,DIST_S_02,,80.941106,100,2026-06-01T13:00:38.528115,outlet_master.csv,bc14b1bac19945f8f56165de01c88513
OUT_00421,Pharmacy,Western,DIST_W_01,7.00776,79.883609,50,2026-06-01T13:00:38.528115,outlet_master.csv,bc14b1bac19945f8f56165de01c88513
OUT_00422,Eatery,Western,DIST_W_02,,80.089362,150,2026-06-01T13:00:38.528115,outlet_master.csv,bc14b1bac19945f8f56165de01c88513
OUT_00423,Eatery,Western,DIST_W_03,6.888386,79.853579,0,2026-06-01T13:00:38.528115,outlet_master.csv,bc14b1bac19945f8f56165de01c88513
OUT_00424,Supermarket,Central,DIST_C_01,7.239043,80.819123,100,2026-06-01T13:00:38.528115,outlet_master.csv,bc14b1bac19945f8f56165de01c88513
OUT_00425,Kade,Central,DIST_C_02,6.939872,80.72067,0,2026-06-01T13:00:38.528115,outlet_master.csv,bc14b1bac19945f8f56165de01c88513
OUT_00426,Grocery,Central,DIST_C_03,7.056969,80.588849,200,2026-06-01T13:00:38.528115,outlet_master.csv,bc14b1bac19945f8f56165de01c88513
OUT_00427,Pharmacy,North-Western,DIST_NW_01,7.809031,80.019826,100,2026-06-01T13:00:38.528115,outlet_master.csv,bc14b1bac19945f8f56165de01c88513
OUT_00428,Grocery,North-Western,DIST_NW_02,7.62009,79.929161,50,2026-06-01T13:00:38.528115,outlet_master.csv,bc14b1bac19945f8f56165de01c88513
OUT_00429,Kade,Southern,DIST_S_01,6.301741,80.943382,100,2026-06-01T13:00:38.528115,outlet_master.csv,bc14b1bac19945f8f56165de01c88513
OUT_00430,Kade,Southern,DIST_S_02,6.013014,80.712381,100,2026-06-01T13:00:38.528115,outlet_master.csv,bc14b1bac19945f8f56165de01c88513
OUT_00431,Kade,Western,DIST_W_01,6.836876,80.072165,100,2026-06-01T13:00:38.528115,outlet_master.csv,bc14b1bac19945f8f56165de01c88513
OUT_00432,Pharmacy,Western,DIST_W_02,6.821533,80.020654,150,2026-06-01T13:00:38.528115,outlet_master.csv,bc14b1bac19945f8f56165de01c88513
OUT_00433,Grocery,Western,DIST_W_03,6.96575,79.980042,100,2026-06-01T13:00:38.528115,outlet_master.csv,bc14b1bac19945f8f56165de01c88513
OUT_00434,Eatery,Central,DIST_C_01,7.027923,80.59684,50,2026-06-01T13:00:38.528115,outlet_master.csv,bc14b1bac19945f8f56165de01c88513
OUT_00435,Eatery,Central,DIST_C_02,6.900061,80.728895,0,2026-06-01T13:00:38.528115,outlet_master.csv,bc14b1bac19945f8f56165de01c88513
OUT_00436,Kade,Central,DIST_C_03,7.277702,80.551337,0,2026-06-01T13:00:38.528115,outlet_master.csv,bc14b1bac19945f8f56165de01c88513
OUT_00437,Pharmacy,North-Western,DIST_NW_01,7.744094,80.008157,150,2026-06-01T13:00:38.528115,outlet_master.csv,bc14b1bac19945f8f56165de01c88513
OUT_00438,Grocery,North-Western,DIST_NW_02,7.773527,80.263977,100,2026-06-01T13:00:38.528115,outlet_master.csv,bc14b1bac19945f8f56165de01c88513
OUT_00439,Grocery,Southern,DIST_S_01,6.146907,80.510119,0,2026-06-01T13:00:38.528115,outlet_master.csv,bc14b1bac19945f8f56165de01c88513
OUT_00440,Convenience,Southern,DIST_S_02,6.256523,80.733108,100,2026-06-01T13:00:38.528115,outlet_master.csv,bc14b1bac19945f8f56165de01c88513
OUT_00441,Grocery,Western,DIST_W_01,6.889416,79.876341,50,2026-06-01T13:00:38.528115,outlet_master.csv,bc14b1bac19945f8f56165de01c88513
OUT_00442,Grocery,Western,DIST_W_02,7.08704,79.9751,50,2026-06-01T13:00:38.528115,outlet_master.csv,bc14b1bac19945f8f56165de01c88513
OUT_00443,Pharmacy,Western,DIST_W_03,6.910944,79.863089,150,2026-06-01T13:00:38.528115,outlet_master.csv,bc14b1bac19945f8f56165de01c88513
OUT_00444,Grocery,Central,DIST_C_01,6.995397,80.780074,100,2026-06-01T13:00:38.528115,outlet_master.csv,bc14b1bac19945f8f56165de01c88513
OUT_00445,Eatery,Central,DIST_C_02,7.173488,80.653356,50,2026-06-01T13:00:38.528115,outlet_master.csv,bc14b1bac19945f8f56165de01c88513
OUT_00446,Supermarket,Central,DIST_C_03,7.190175,80.688296,50,2026-06-01T13:00:38.528115,outlet_master.csv,bc14b1bac19945f8f56165de01c88513
OUT_00447,Grocery,North-Western,DIST_NW_01,7.747114,79.923237,150,2026-06-01T13:00:38.528115,outlet_master.csv,bc14b1bac19945f8f56165de01c88513
OUT_00448,Grocery,north-western,DIST_NW_02,7.605877,80.051638,50,2026-06-01T13:00:38.528115,outlet_master.csv,bc14b1bac19945f8f56165de01c88513
OUT_00449,Grocery,Southern,DIST_S_01,6.146432,80.523432,100,2026-06-01T13:00:38.528115,outlet_master.csv,bc14b1bac19945f8f56165de01c88513
OUT_00450,Pharmacy,Southern,DIST_S_02,6.38175,80.615226,150,2026-06-01T13:00:38.528115,outlet_master.csv,bc14b1bac19945f8f56165de01c88513
OUT_00451,Pharmacy,western,DIST_W_01,6.956389,80.094003,150,2026-06-01T13:00:38.528115,outlet_master.csv,bc14b1bac19945f8f56165de01c88513
OUT_00452,Pharmacy,Western,DIST_W_02,,79.916396,100,2026-06-01T13:00:38.528115,outlet_master.csv,bc14b1bac19945f8f56165de01c88513
OUT_00453,Eatery,Western,DIST_W_03,,79.942935,200,2026-06-01T13:00:38.528115,outlet_master.csv,bc14b1bac19945f8f56165de01c88513
OUT_00454,Pharmacy,Central,DIST_C_01,7.281177,80.558258,100,2026-06-01T13:00:38.528115,outlet_master.csv,bc14b1bac19945f8f56165de01c88513
OUT_00455,Grocery,Central,DIST_C_02,7.079102,80.656021,100,2026-06-01T13:00:38.528115,outlet_master.csv,bc14b1bac19945f8f56165de01c88513
OUT_00456,Convenience,Central,DIST_C_03,7.23635,80.715833,150,2026-06-01T13:00:38.528115,outlet_master.csv,bc14b1bac19945f8f56165de01c88513
OUT_00457,Kade,North-Western,DIST_NW_01,7.996531,80.117793,50,2026-06-01T13:00:38.528115,outlet_master.csv,bc14b1bac19945f8f56165de01c88513
OUT_00458,Kade,North-Western,DIST_NW_02,7.678333,79.956321,0,2026-06-01T13:00:38.528115,outlet_master.csv,bc14b1bac19945f8f56165de01c88513
OUT_00459,Grocery,Southern,DIST_S_01,6.305562,80.708764,50,2026-06-01T13:00:38.528115,outlet_master.csv,bc14b1bac19945f8f56165de01c88513
OUT_00460,Eatery,Southern,DIST_S_02,6.358743,80.432404,0,2026-06-01T13:00:38.528115,outlet_master.csv,bc14b1bac19945f8f56165de01c88513
OUT_00461,Grocery,Western,DIST_W_01,6.844191,79.85196,200,2026-06-01T13:00:38.528115,outlet_master.csv,bc14b1bac19945f8f56165de01c88513
OUT_00462,Grocery,Western,DIST_W_02,6.958898,79.910473,50,2026-06-01T13:00:38.528115,outlet_master.csv,bc14b1bac19945f8f56165de01c88513
OUT_00463,Grocery,Western,DIST_W_03,7.04209,79.964916,0,2026-06-01T13:00:38.528115,outlet_master.csv,bc14b1bac19945f8f56165de01c88513
OUT_00464,Convenience,Central,DIST_C_01,7.100494,80.623215,150,2026-06-01T13:00:38.528115,outlet_master.csv,bc14b1bac19945f8f56165de01c88513
OUT_00465,Convenience,Central,DIST_C_02,7.284203,80.634692,200,2026-06-01T13:00:38.528115,outlet_master.csv,bc14b1bac19945f8f56165de01c88513
OUT_00466,Kade,Central,DIST_C_03,7.220275,80.8934,100,2026-06-01T13:00:38.528115,outlet_master.csv,bc14b1bac19945f8f56165de01c88513
OUT_00467,Pharmacy,North-Western,DIST_NW_01,7.629233,80.148937,200,2026-06-01T13:00:38.528115,outlet_master.csv,bc14b1bac19945f8f56165de01c88513
OUT_00468,Pharmacy,North-Western,DIST_NW_02,7.977481,80.284054,0,2026-06-01T13:00:38.528115,outlet_master.csv,bc14b1bac19945f8f56165de01c88513
OUT_00469,Eatery,Southern,DIST_S_01,6.13845,80.774665,0,2026-06-01T13:00:38.528115,outlet_master.csv,bc14b1bac19945f8f56165de01c88513
OUT_00470,Grocery,southern,DIST_S_02,6.182543,80.817302,50,2026-06-01T13:00:38.528115,outlet_master.csv,bc14b1bac19945f8f56165de01c88513
OUT_00471,Kade,Western,DIST_W_01,7.077858,79.907169,150,2026-06-01T13:00:38.528115,outlet_master.csv,bc14b1bac19945f8f56165de01c88513
OUT_00472,Kade,Western,DIST_W_02,7.018658,79.87385,100,2026-06-01T13:00:38.528115,outlet_master.csv,bc14b1bac19945f8f56165de01c88513
OUT_00473,Convenience,Western,DIST_W_03,6.835551,79.922221,0,2026-06-01T13:00:38.528115,outlet_master.csv,bc14b1bac19945f8f56165de01c88513
OUT_00474,Supermarket,Central,DIST_C_01,7.242454,80.680103,200,2026-06-01T13:00:38.528115,outlet_master.csv,bc14b1bac19945f8f56165de01c88513
OUT_00475,Kade,Central,DIST_C_02,7.159705,80.674992,50,2026-06-01T13:00:38.528115,outlet_master.csv,bc14b1bac19945f8f56165de01c88513
OUT_00476,Grocery,Central,DIST_C_03,7.195484,80.63414,100,2026-06-01T13:00:38.528115,outlet_master.csv,bc14b1bac19945f8f56165de01c88513
OUT_00477,Supermarket,North-Western,DIST_NW_01,7.688341,79.915572,50,2026-06-01T13:00:38.528115,outlet_master.csv,bc14b1bac19945f8f56165de01c88513
OUT_00478,Kade,North-Western,DIST_NW_02,7.980184,80.132649,150,2026-06-01T13:00:38.528115,outlet_master.csv,bc14b1bac19945f8f56165de01c88513
OUT_00479,Supermarket,Southern,DIST_S_01,6.041248,80.48244,50,2026-06-01T13:00:38.528115,outlet_master.csv,bc14b1bac19945f8f56165de01c88513
OUT_00480,Kade,Southern,DIST_S_02,6.290183,80.581069,0,2026-06-01T13:00:38.528115,outlet_master.csv,bc14b1bac19945f8f56165de01c88513
OUT_00481,Grocery,Western,DIST_W_01,6.899469,80.063758,200,2026-06-01T13:00:38.528115,outlet_master.csv,bc14b1bac19945f8f56165de01c88513
OUT_00482,Kade,Western,DIST_W_02,6.952076,79.952353,100,2026-06-01T13:00:38.528115,outlet_master.csv,bc14b1bac19945f8f56165de01c88513
OUT_00483,Kade,Western,DIST_W_03,7.031337,80.013663,50,2026-06-01T13:00:38.528115,outlet_master.csv,bc14b1bac19945f8f56165de01c88513
OUT_00484,Grocery,Central,DIST_C_01,7.091353,80.56315,50,2026-06-01T13:00:38.528115,outlet_master.csv,bc14b1bac19945f8f56165de01c88513
OUT_00485,Kade,Central,DIST_C_02,7.13513,80.569122,50,2026-06-01T13:00:38.528115,outlet_master.csv,bc14b1bac19945f8f56165de01c88513
OUT_00486,Grocery,Central,DIST_C_03,7.003687,80.550516,100,2026-06-01T13:00:38.528115,outlet_master.csv,bc14b1bac19945f8f56165de01c88513
OUT_00487,Kade,North-Western,DIST_NW_01,7.896759,80.23937,100,2026-06-01T13:00:38.528115,outlet_master.csv,bc14b1bac19945f8f56165de01c88513
OUT_00488,Pharmacy,North-Western,DIST_NW_02,7.926712,79.972646,200,2026-06-01T13:00:38.528115,outlet_master.csv,bc14b1bac19945f8f56165de01c88513
OUT_00489,Grocery,Southern,DIST_S_01,6.277124,80.514556,100,2026-06-01T13:00:38.528115,outlet_master.csv,bc14b1bac19945f8f56165de01c88513
OUT_00490,Convenience,Southern,DIST_S_02,6.25466,80.333857,0,2026-06-01T13:00:38.528115,outlet_master.csv,bc14b1bac19945f8f56165de01c88513
OUT_00491,Pharmacy,Western,DIST_W_01,6.879598,80.000388,0,2026-06-01T13:00:38.528115,outlet_master.csv,bc14b1bac19945f8f56165de01c88513
OUT_00492,Pharmacy,Western,DIST_W_02,6.954156,79.977223,100,2026-06-01T13:00:38.528115,outlet_master.csv,bc14b1bac19945f8f56165de01c88513
OUT_00493,Eatery,Western,DIST_W_03,7.014298,79.965429,150,2026-06-01T13:00:38.528115,outlet_master.csv,bc14b1bac19945f8f56165de01c88513
OUT_00494,Kade,Central,DIST_C_01,7.023332,80.832475,200,2026-06-01T13:00:38.528115,outlet_master.csv,bc14b1bac19945f8f56165de01c88513
OUT_00495,Convenience,Central,DIST_C_02,7.285442,80.795409,100,2026-06-01T13:00:38.528115,outlet_master.csv,bc14b1bac19945f8f56165de01c88513
OUT_00496,Kade,Central,DIST_C_03,7.071233,80.607062,0,2026-06-01T13:00:38.528115,outlet_master.csv,bc14b1bac19945f8f56165de01c88513
OUT_00497,Kade,North-Western,DIST_NW_01,7.935599,79.904567,50,2026-06-01T13:00:38.528115,outlet_master.csv,bc14b1bac19945f8f56165de01c88513
OUT_00498,Grocery,North-Western,DIST_NW_02,7.881948,80.226851,100,2026-06-01T13:00:38.528115,outlet_master.csv,bc14b1bac19945f8f56165de01c88513
OUT_00499,Kade,Southern,DIST_S_01,6.259227,80.890112,50,2026-06-01T13:00:38.528115,outlet_master.csv,bc14b1bac19945f8f56165de01c88513
OUT_00500,Grocery,Southern,DIST_S_02,5.965858,80.892237,150,2026-06-01T13:00:38.528115,outlet_master.csv,bc14b1bac19945f8f56165de01c88513
